"","state","year","population"
"1","Alabama","1970","3444354"
"2","Alaska","1970","302583"
"3","Arizona","1970","1775399"
"4","Arkansas","1970","1923322"
"5","California","1970","19971069"
"6","Colorado","1970","2209596"
"7","Connecticut","1970","3032217"
"8","Delaware","1970","548104"
"9","District of Columbia","1970","756668"
"10","Florida","1970","6791418"
"11","Georgia","1970","4587930"
"12","Hawaii","1970","769913"
"13","Idaho","1970","713015"
"14","Illinois","1970","11110285"
"15","Indiana","1970","5195392"
"16","Iowa","1970","2825368"
"17","Kansas","1970","2249071"
"18","Kentucky","1970","3220711"
"19","Louisiana","1970","3644637"
"20","Maine","1970","993722"
"21","Maryland","1970","3923897"
"22","Massachusetts","1970","5689170"
"23","Michigan","1970","8881826"
"24","Minnesota","1970","3806103"
"25","Mississippi","1970","2216994"
"26","Missouri","1970","4677623"
"27","Montana","1970","694409"
"28","Nebraska","1970","1485333"
"29","Nevada","1970","488738"
"30","New Hampshire","1970","737681"
"31","New Jersey","1970","7171112"
"32","New Mexico","1970","1017055"
"33","New York","1970","18241391"
"34","North Carolina","1970","5084411"
"35","North Dakota","1970","617792"
"36","Ohio","1970","10657423"
"37","Oklahoma","1970","2559463"
"38","Oregon","1970","2091533"
"39","Pennsylvania","1970","11800766"
"40","Rhode Island","1970","949723"
"41","South Carolina","1970","2590713"
"42","South Dakota","1970","666257"
"43","Tennessee","1970","3926018"
"44","Texas","1970","11198655"
"45","Utah","1970","1059273"
"46","Vermont","1970","444732"
"47","Virginia","1970","4651448"
"48","Washington","1970","3413244"
"49","West Virginia","1970","1744237"
"50","Wisconsin","1970","4417821"
"51","Wyoming","1970","332416"
"52","Alabama","1971","3497076"
"53","Alaska","1971","315510"
"54","Arizona","1971","1895814"
"55","Arkansas","1971","1972312"
"56","California","1971","20345939"
"57","Colorado","1971","2303524"
"58","Connecticut","1971","3060938"
"59","Delaware","1971","564708"
"60","District of Columbia","1971","749781"
"61","Florida","1971","7158304"
"62","Georgia","1971","4711550"
"63","Hawaii","1971","801644"
"64","Idaho","1971","738753"
"65","Illinois","1971","11202397"
"66","Indiana","1971","5253396"
"67","Iowa","1971","2851705"
"68","Kansas","1971","2246600"
"69","Kentucky","1971","3298053"
"70","Louisiana","1971","3710487"
"71","Maine","1971","1015390"
"72","Maryland","1971","4018324"
"73","Massachusetts","1971","5737580"
"74","Michigan","1971","8974186"
"75","Minnesota","1971","3853486"
"76","Mississippi","1971","2265432"
"77","Missouri","1971","4725764"
"78","Montana","1971","710814"
"79","Nebraska","1971","1504604"
"80","Nevada","1971","520018"
"81","New Hampshire","1971","761851"
"82","New Jersey","1971","7281107"
"83","New Mexico","1971","1053737"
"84","New York","1971","18357982"
"85","North Carolina","1971","5203531"
"86","North Dakota","1971","626760"
"87","Ohio","1971","10734818"
"88","Oklahoma","1971","2618601"
"89","Oregon","1971","2151022"
"90","Pennsylvania","1971","11886400"
"91","Rhode Island","1971","963107"
"92","South Carolina","1971","2662269"
"93","South Dakota","1971","671297"
"94","Tennessee","1971","4013608"
"95","Texas","1971","11509848"
"96","Utah","1971","1101192"
"97","Vermont","1971","454318"
"98","Virginia","1971","4750838"
"99","Washington","1971","3447553"
"100","West Virginia","1971","1770657"
"101","Wisconsin","1971","4462155"
"102","Wyoming","1971","340285"
"103","Alabama","1972","3539400"
"104","Alaska","1972","324464"
"105","Arizona","1972","2008291"
"106","Arkansas","1972","2018638"
"107","California","1972","20585469"
"108","Colorado","1972","2404619"
"109","Connecticut","1972","3068699"
"110","Delaware","1972","572913"
"111","District of Columbia","1972","742241"
"112","Florida","1972","7511463"
"113","Georgia","1972","4809490"
"114","Hawaii","1972","828331"
"115","Idaho","1972","763237"
"116","Illinois","1972","11251948"
"117","Indiana","1972","5302435"
"118","Iowa","1972","2860287"
"119","Kansas","1972","2256375"
"120","Kentucky","1972","3335728"
"121","Louisiana","1972","3761646"
"122","Maine","1972","1034292"
"123","Maryland","1972","4073499"
"124","Massachusetts","1972","5760302"
"125","Michigan","1972","9028944"
"126","Minnesota","1972","3869747"
"127","Mississippi","1972","2307117"
"128","Missouri","1972","4758780"
"129","Montana","1972","718732"
"130","Nebraska","1972","1519013"
"131","Nevada","1972","546789"
"132","New Hampshire","1972","781107"
"133","New Jersey","1972","7335042"
"134","New Mexico","1972","1078697"
"135","New York","1972","18339400"
"136","North Carolina","1972","5301150"
"137","North Dakota","1972","631119"
"138","Ohio","1972","10746993"
"139","Oklahoma","1972","2658646"
"140","Oregon","1972","2197297"
"141","Pennsylvania","1972","11908233"
"142","Rhode Island","1972","974790"
"143","South Carolina","1972","2719197"
"144","South Dakota","1972","677234"
"145","Tennessee","1972","4094611"
"146","Texas","1972","11759148"
"147","Utah","1972","1135449"
"148","Vermont","1972","463143"
"149","Virginia","1972","4824472"
"150","Washington","1972","3447885"
"151","West Virginia","1972","1797648"
"152","Wisconsin","1972","4502412"
"153","Wyoming","1972","347345"
"154","Alabama","1973","3579780"
"155","Alaska","1973","330543"
"156","Arizona","1973","2124438"
"157","Arkansas","1973","2059256"
"158","California","1973","20868728"
"159","Colorado","1973","2495868"
"160","Connecticut","1973","3067814"
"161","Delaware","1973","577759"
"162","District of Columbia","1973","731488"
"163","Florida","1973","7913696"
"164","Georgia","1973","4910374"
"165","Hawaii","1973","851595"
"166","Idaho","1973","782074"
"167","Illinois","1973","11251367"
"168","Indiana","1973","5338277"
"169","Iowa","1973","2863715"
"170","Kansas","1973","2265603"
"171","Kentucky","1973","3371024"
"172","Louisiana","1973","3788375"
"173","Maine","1973","1045655"
"174","Maryland","1973","4097974"
"175","Massachusetts","1973","5781172"
"176","Michigan","1973","9077956"
"177","Minnesota","1973","3889332"
"178","Mississippi","1973","2349546"
"179","Missouri","1973","4782645"
"180","Montana","1973","726798"
"181","Nebraska","1973","1529567"
"182","Nevada","1973","568991"
"183","New Hampshire","1973","800951"
"184","New Jersey","1973","7333083"
"185","New Mexico","1973","1105529"
"186","New York","1973","18177063"
"187","North Carolina","1973","5389852"
"188","North Dakota","1973","632675"
"189","Ohio","1973","10767314"
"190","Oklahoma","1973","2695931"
"191","Oregon","1973","2241932"
"192","Pennsylvania","1973","11890527"
"193","Rhode Island","1973","975738"
"194","South Carolina","1973","2776605"
"195","South Dakota","1973","678715"
"196","Tennessee","1973","4147401"
"197","Texas","1973","12019543"
"198","Utah","1973","1170040"
"199","Vermont","1973","468430"
"200","Virginia","1973","4901292"
"201","Washington","1973","3478782"
"202","West Virginia","1973","1806360"
"203","Wisconsin","1973","4524244"
"204","Wyoming","1973","354061"
"205","Alabama","1974","3626499"
"206","Alaska","1974","341063"
"207","Arizona","1974","2223196"
"208","Arkansas","1974","2101403"
"209","California","1974","21173865"
"210","Colorado","1974","2541406"
"211","Connecticut","1974","3074047"
"212","Delaware","1974","581418"
"213","District of Columbia","1974","717947"
"214","Florida","1974","8298762"
"215","Georgia","1974","4999419"
"216","Hawaii","1974","867978"
"217","Idaho","1974","807990"
"218","Illinois","1974","11262145"
"219","Indiana","1974","5361890"
"220","Iowa","1974","2867530"
"221","Kansas","1974","2269499"
"222","Kentucky","1974","3416315"
"223","Louisiana","1974","3820109"
"224","Maine","1974","1059040"
"225","Maryland","1974","4118815"
"226","Massachusetts","1974","5773548"
"227","Michigan","1974","9117507"
"228","Minnesota","1974","3903925"
"229","Mississippi","1974","2378268"
"230","Missouri","1974","4795930"
"231","Montana","1974","736419"
"232","Nebraska","1974","1539191"
"233","Nevada","1974","596822"
"234","New Hampshire","1974","815914"
"235","New Jersey","1974","7332411"
"236","New Mexico","1974","1131309"
"237","New York","1974","18049775"
"238","North Carolina","1974","5470911"
"239","North Dakota","1974","634559"
"240","Ohio","1974","10765759"
"241","Oklahoma","1974","2734768"
"242","Oregon","1974","2285013"
"243","Pennsylvania","1974","11870884"
"244","Rhode Island","1974","950615"
"245","South Carolina","1974","2844749"
"246","South Dakota","1974","679585"
"247","Tennessee","1974","4213509"
"248","Texas","1974","12268629"
"249","Utah","1974","1200471"
"250","Vermont","1974","473002"
"251","Virginia","1974","4971069"
"252","Washington","1974","3549946"
"253","West Virginia","1974","1815447"
"254","Wisconsin","1974","4545782"
"255","Wyoming","1974","365501"
"256","Alabama","1975","3678814"
"257","Alaska","1975","376170"
"258","Arizona","1975","2284847"
"259","Arkansas","1975","2159526"
"260","California","1975","21537849"
"261","Colorado","1975","2586192"
"262","Connecticut","1975","3082500"
"263","Delaware","1975","586589"
"264","District of Columbia","1975","706871"
"265","Florida","1975","8518422"
"266","Georgia","1975","5064075"
"267","Hawaii","1975","886160"
"268","Idaho","1975","831982"
"269","Illinois","1975","11291743"
"270","Indiana","1975","5365766"
"271","Iowa","1975","2880847"
"272","Kansas","1975","2280578"
"273","Kentucky","1975","3467769"
"274","Louisiana","1975","3886104"
"275","Maine","1975","1071995"
"276","Maryland","1975","4139096"
"277","Massachusetts","1975","5757756"
"278","Michigan","1975","9117668"
"279","Minnesota","1975","3932515"
"280","Mississippi","1975","2399449"
"281","Missouri","1975","4808308"
"282","Montana","1975","748208"
"283","Nebraska","1975","1543117"
"284","Nevada","1975","619972"
"285","New Hampshire","1975","828555"
"286","New Jersey","1975","7337765"
"287","New Mexico","1975","1159944"
"288","New York","1975","18003485"
"289","North Carolina","1975","5547188"
"290","North Dakota","1975","638886"
"291","Ohio","1975","10770425"
"292","Oklahoma","1975","2774683"
"293","Oregon","1975","2329661"
"294","Pennsylvania","1975","11906095"
"295","Rhode Island","1975","942788"
"296","South Carolina","1975","2902028"
"297","South Dakota","1975","681042"
"298","Tennessee","1975","4275566"
"299","Texas","1975","12568843"
"300","Utah","1975","1236030"
"301","Vermont","1975","479713"
"302","Virginia","1975","5047395"
"303","Washington","1975","3621339"
"304","West Virginia","1975","1842250"
"305","Wisconsin","1975","4578986"
"306","Wyoming","1975","381695"
"307","Alabama","1976","3735139"
"308","Alaska","1976","400969"
"309","Arizona","1976","2346157"
"310","Arkansas","1976","2170161"
"311","California","1976","21935909"
"312","Colorado","1976","2632306"
"313","Connecticut","1976","3083335"
"314","Delaware","1976","590166"
"315","District of Columbia","1976","692295"
"316","Florida","1976","8667379"
"317","Georgia","1976","5132812"
"318","Hawaii","1976","904191"
"319","Idaho","1976","856983"
"320","Illinois","1976","11342853"
"321","Indiana","1976","5389088"
"322","Iowa","1976","2903082"
"323","Kansas","1976","2301001"
"324","Kentucky","1976","3529257"
"325","Louisiana","1976","3950605"
"326","Maine","1976","1088412"
"327","Maryland","1976","4150539"
"328","Massachusetts","1976","5743672"
"329","Michigan","1976","9129205"
"330","Minnesota","1976","3964680"
"331","Mississippi","1976","2429756"
"332","Missouri","1976","4839029"
"333","Montana","1976","757317"
"334","Nebraska","1976","1550911"
"335","Nevada","1976","646975"
"336","New Hampshire","1976","845248"
"337","New Jersey","1976","7339745"
"338","New Mexico","1976","1189295"
"339","New York","1976","17940541"
"340","North Carolina","1976","5607964"
"341","North Dakota","1976","645797"
"342","Ohio","1976","10752662"
"343","Oklahoma","1976","2826815"
"344","Oregon","1976","2378262"
"345","Pennsylvania","1976","11897378"
"346","Rhode Island","1976","946089"
"347","South Carolina","1976","2943657"
"348","South Dakota","1976","686390"
"349","Tennessee","1976","4346928"
"350","Texas","1976","12904089"
"351","Utah","1976","1274928"
"352","Vermont","1976","484928"
"353","Virginia","1976","5121863"
"354","Washington","1976","3693610"
"355","West Virginia","1976","1879503"
"356","Wisconsin","1976","4595904"
"357","Wyoming","1976","396952"
"358","Alabama","1977","3780403"
"359","Alaska","1977","403436"
"360","Arizona","1977","2425197"
"361","Arkansas","1977","2209010"
"362","California","1977","22352396"
"363","Colorado","1977","2696140"
"364","Connecticut","1977","3085722"
"365","Delaware","1977","591829"
"366","District of Columbia","1977","677228"
"367","Florida","1977","8856183"
"368","Georgia","1977","5219697"
"369","Hawaii","1977","918259"
"370","Idaho","1977","883469"
"371","Illinois","1977","11386316"
"372","Indiana","1977","5425638"
"373","Iowa","1977","2913573"
"374","Kansas","1977","2320647"
"375","Kentucky","1977","3573693"
"376","Louisiana","1977","4014459"
"377","Maine","1977","1103578"
"378","Maryland","1977","4169595"
"379","Massachusetts","1977","5738199"
"380","Michigan","1977","9171110"
"381","Minnesota","1977","3989364"
"382","Mississippi","1977","2459201"
"383","Missouri","1977","4863173"
"384","Montana","1977","769953"
"385","Nebraska","1977","1556842"
"386","Nevada","1977","678333"
"387","New Hampshire","1977","869763"
"388","New Jersey","1977","7337169"
"389","New Mexico","1977","1215720"
"390","New York","1977","17812602"
"391","North Carolina","1977","5685607"
"392","North Dakota","1977","649769"
"393","Ohio","1977","10771394"
"394","Oklahoma","1977","2870014"
"395","Oregon","1977","2446673"
"396","Pennsylvania","1977","11893591"
"397","Rhode Island","1977","950230"
"398","South Carolina","1977","2991681"
"399","South Dakota","1977","688480"
"400","Tennessee","1977","4422921"
"401","Texas","1977","13193050"
"402","Utah","1977","1319512"
"403","Vermont","1977","491931"
"404","Virginia","1977","5193112"
"405","Washington","1977","3776050"
"406","West Virginia","1977","1908088"
"407","Wisconsin","1977","4626514"
"408","Wyoming","1977","413354"
"409","Alabama","1978","3831836"
"410","Alaska","1978","404766"
"411","Arizona","1978","2515316"
"412","Arkansas","1978","2243127"
"413","California","1978","22835958"
"414","Colorado","1978","2766748"
"415","Connecticut","1978","3091627"
"416","Delaware","1978","594776"
"417","District of Columbia","1978","665052"
"418","Florida","1978","9102032"
"419","Georgia","1978","5295751"
"420","Hawaii","1978","931584"
"421","Idaho","1978","910690"
"422","Illinois","1978","11412561"
"423","Indiana","1978","5470214"
"424","Iowa","1978","2918069"
"425","Kansas","1978","2335657"
"426","Kentucky","1978","3609976"
"427","Louisiana","1978","4068579"
"428","Maine","1978","1113566"
"429","Maryland","1978","4183603"
"430","Massachusetts","1978","5736469"
"431","Michigan","1978","9217761"
"432","Minnesota","1978","4015341"
"433","Mississippi","1978","2487816"
"434","Missouri","1978","4889399"
"435","Montana","1978","782317"
"436","Nebraska","1978","1563884"
"437","Nevada","1978","719436"
"438","New Hampshire","1978","891520"
"439","New Jersey","1978","7350804"
"440","New Mexico","1978","1238034"
"441","New York","1978","17680589"
"442","North Carolina","1978","5759492"
"443","North Dakota","1978","651301"
"444","Ohio","1978","10795581"
"445","Oklahoma","1978","2917336"
"446","Oregon","1978","2518298"
"447","Pennsylvania","1978","11879396"
"448","Rhode Island","1978","951816"
"449","South Carolina","1978","3044364"
"450","South Dakota","1978","688580"
"451","Tennessee","1978","4486314"
"452","Texas","1978","13500429"
"453","Utah","1978","1367510"
"454","Vermont","1978","498109"
"455","Virginia","1978","5270240"
"456","Washington","1978","3889073"
"457","West Virginia","1978","1923395"
"458","Wisconsin","1978","4646108"
"459","Wyoming","1978","432880"
"460","Alabama","1979","3866248"
"461","Alaska","1979","402753"
"462","Arizona","1979","2635571"
"463","Arkansas","1979","2271333"
"464","California","1979","23256880"
"465","Colorado","1979","2849234"
"466","Connecticut","1979","3095917"
"467","Delaware","1979","594984"
"468","District of Columbia","1979","650016"
"469","Florida","1979","9426159"
"470","Georgia","1979","5401384"
"471","Hawaii","1979","953306"
"472","Idaho","1979","932627"
"473","Illinois","1979","11396837"
"474","Indiana","1979","5501174"
"475","Iowa","1979","2915739"
"476","Kansas","1979","2350906"
"477","Kentucky","1979","3641804"
"478","Louisiana","1979","4137665"
"479","Maine","1979","1122563"
"480","Maryland","1979","4191160"
"481","Massachusetts","1979","5738404"
"482","Michigan","1979","9266268"
"483","Minnesota","1979","4050316"
"484","Mississippi","1979","2507069"
"485","Missouri","1979","4912430"
"486","Montana","1979","787305"
"487","Nebraska","1979","1567344"
"488","Nevada","1979","765367"
"489","New Hampshire","1979","909074"
"490","New Jersey","1979","7366512"
"491","New Mexico","1979","1284722"
"492","New York","1979","17583838"
"493","North Carolina","1979","5823491"
"494","North Dakota","1979","652896"
"495","Ohio","1979","10798298"
"496","Oklahoma","1979","2975310"
"497","Oregon","1979","2588012"
"498","Pennsylvania","1979","11887975"
"499","Rhode Island","1979","950382"
"500","South Carolina","1979","3090267"
"501","South Dakota","1979","688335"
"502","Tennessee","1979","4560473"
"503","Texas","1979","13888371"
"504","Utah","1979","1420238"
"505","Vermont","1979","505372"
"506","Virginia","1979","5307945"
"507","Washington","1979","4017632"
"508","West Virginia","1979","1942146"
"509","Wisconsin","1979","4682811"
"510","Wyoming","1979","454378"
"511","Alabama","1980","3893888"
"512","Alaska","1980","401851"
"513","Arizona","1980","2718215"
"514","Arkansas","1980","2286435"
"515","California","1980","23667902"
"516","Colorado","1980","2889964"
"517","Connecticut","1980","3107576"
"518","Delaware","1980","594338"
"519","District of Columbia","1980","638333"
"520","Florida","1980","9746324"
"521","Georgia","1980","5463105"
"522","Hawaii","1980","964691"
"523","Idaho","1980","943935"
"524","Illinois","1980","11426518"
"525","Indiana","1980","5490224"
"526","Iowa","1980","2913808"
"527","Kansas","1980","2363679"
"528","Kentucky","1980","3660777"
"529","Louisiana","1980","4205900"
"530","Maine","1980","1124660"
"531","Maryland","1980","4216975"
"532","Massachusetts","1980","5737037"
"533","Michigan","1980","9262078"
"534","Minnesota","1980","4075970"
"535","Mississippi","1980","2520638"
"536","Missouri","1980","4916686"
"537","Montana","1980","786690"
"538","Nebraska","1980","1569825"
"539","Nevada","1980","800493"
"540","New Hampshire","1980","920610"
"541","New Jersey","1980","7364823"
"542","New Mexico","1980","1302894"
"543","New York","1980","17558072"
"544","North Carolina","1980","5881766"
"545","North Dakota","1980","652717"
"546","Ohio","1980","10797630"
"547","Oklahoma","1980","3025290"
"548","Oregon","1980","2633105"
"549","Pennsylvania","1980","11863895"
"550","Rhode Island","1980","947154"
"551","South Carolina","1980","3121820"
"552","South Dakota","1980","690768"
"553","Tennessee","1980","4591120"
"554","Texas","1980","14229191"
"555","Utah","1980","1461037"
"556","Vermont","1980","511456"
"557","Virginia","1980","5346818"
"558","Washington","1980","4132156"
"559","West Virginia","1980","1949644"
"560","Wisconsin","1980","4705767"
"561","Wyoming","1980","469557"
"562","Alabama","1981","3918531"
"563","Alaska","1981","418491"
"564","Arizona","1981","2810107"
"565","Arkansas","1981","2293201"
"566","California","1981","24285933"
"567","Colorado","1981","2977898"
"568","Connecticut","1981","3128836"
"569","Delaware","1981","595975"
"570","District of Columbia","1981","636893"
"571","Florida","1981","10192774"
"572","Georgia","1981","5568345"
"573","Hawaii","1981","978195"
"574","Idaho","1981","962204"
"575","Illinois","1981","11443458"
"576","Indiana","1981","5480435"
"577","Iowa","1981","2907983"
"578","Kansas","1981","2384849"
"579","Kentucky","1981","3670394"
"580","Louisiana","1981","4283303"
"581","Maine","1981","1133033"
"582","Maryland","1981","4261905"
"583","Massachusetts","1981","5768685"
"584","Michigan","1981","9209287"
"585","Minnesota","1981","4111728"
"586","Mississippi","1981","2539036"
"587","Missouri","1981","4932064"
"588","Montana","1981","795328"
"589","Nebraska","1981","1578515"
"590","Nevada","1981","847655"
"591","New Hampshire","1981","936621"
"592","New Jersey","1981","7407472"
"593","New Mexico","1981","1332748"
"594","New York","1981","17567734"
"595","North Carolina","1981","5956653"
"596","North Dakota","1981","659505"
"597","Ohio","1981","10788330"
"598","Oklahoma","1981","3096164"
"599","Oregon","1981","2667982"
"600","Pennsylvania","1981","11858567"
"601","Rhode Island","1981","953013"
"602","South Carolina","1981","3179255"
"603","South Dakota","1981","689584"
"604","Tennessee","1981","4627658"
"605","Texas","1981","14746318"
"606","Utah","1981","1515471"
"607","Vermont","1981","515594"
"608","Virginia","1981","5444097"
"609","Washington","1981","4235731"
"610","West Virginia","1981","1954124"
"611","Wisconsin","1981","4726343"
"612","Wyoming","1981","491712"
"613","Alabama","1982","3925266"
"614","Alaska","1982","449606"
"615","Arizona","1982","2889861"
"616","Arkansas","1982","2294257"
"617","California","1982","24820009"
"618","Colorado","1982","3061564"
"619","Connecticut","1982","3139013"
"620","Delaware","1982","599148"
"621","District of Columbia","1982","634174"
"622","Florida","1982","10471407"
"623","Georgia","1982","5649792"
"624","Hawaii","1982","993780"
"625","Idaho","1982","973721"
"626","Illinois","1982","11423412"
"627","Indiana","1982","5467922"
"628","Iowa","1982","2888189"
"629","Kansas","1982","2401202"
"630","Kentucky","1982","3683445"
"631","Louisiana","1982","4352608"
"632","Maine","1982","1136684"
"633","Maryland","1982","4282923"
"634","Massachusetts","1982","5771222"
"635","Michigan","1982","9115198"
"636","Minnesota","1982","4131450"
"637","Mississippi","1982","2556777"
"638","Missouri","1982","4929451"
"639","Montana","1982","803986"
"640","Nebraska","1982","1581780"
"641","Nevada","1982","881537"
"642","New Hampshire","1982","947719"
"643","New Jersey","1982","7430968"
"644","New Mexico","1982","1363823"
"645","New York","1982","17589738"
"646","North Carolina","1982","6019101"
"647","North Dakota","1982","668972"
"648","Ohio","1982","10757087"
"649","Oklahoma","1982","3206123"
"650","Oregon","1982","2664922"
"651","Pennsylvania","1982","11845146"
"652","Rhode Island","1982","954170"
"653","South Carolina","1982","3207614"
"654","South Dakota","1982","690597"
"655","Tennessee","1982","4646041"
"656","Texas","1982","15331415"
"657","Utah","1982","1558314"
"658","Vermont","1982","519109"
"659","Virginia","1982","5492783"
"660","Washington","1982","4276552"
"661","West Virginia","1982","1949604"
"662","Wisconsin","1982","4728870"
"663","Wyoming","1982","506400"
"664","Alabama","1983","3934102"
"665","Alaska","1983","488417"
"666","Arizona","1983","2968925"
"667","Arkansas","1983","2305761"
"668","California","1983","25360026"
"669","Colorado","1983","3133630"
"670","Connecticut","1983","3162354"
"671","Delaware","1983","605458"
"672","District of Columbia","1983","632433"
"673","Florida","1983","10749851"
"674","Georgia","1983","5728250"
"675","Hawaii","1983","1012717"
"676","Idaho","1983","981869"
"677","Illinois","1983","11408818"
"678","Indiana","1983","5450395"
"679","Iowa","1983","2870543"
"680","Kansas","1983","2415531"
"681","Kentucky","1983","3694484"
"682","Louisiana","1983","4395316"
"683","Maine","1983","1144772"
"684","Maryland","1983","4313327"
"685","Massachusetts","1983","5799407"
"686","Michigan","1983","9047754"
"687","Minnesota","1983","4141456"
"688","Mississippi","1983","2567717"
"689","Missouri","1983","4943733"
"690","Montana","1983","814031"
"691","Nebraska","1983","1584293"
"692","Nevada","1983","901977"
"693","New Hampshire","1983","958134"
"694","New Jersey","1983","7467785"
"695","New Mexico","1983","1394361"
"696","New York","1983","17686905"
"697","North Carolina","1983","6077056"
"698","North Dakota","1983","676688"
"699","Ohio","1983","10737632"
"700","Oklahoma","1983","3290402"
"701","Oregon","1983","2653066"
"702","Pennsylvania","1983","11837723"
"703","Rhode Island","1983","956382"
"704","South Carolina","1983","3234066"
"705","South Dakota","1983","693008"
"706","Tennessee","1983","4659749"
"707","Texas","1983","15751676"
"708","Utah","1983","1594943"
"709","Vermont","1983","523302"
"710","Virginia","1983","5564657"
"711","Washington","1983","4300266"
"712","West Virginia","1983","1945061"
"713","Wisconsin","1983","4721438"
"714","Wyoming","1983","510345"
"715","Alabama","1984","3951820"
"716","Alaska","1984","513702"
"717","Arizona","1984","3067135"
"718","Arkansas","1984","2319768"
"719","California","1984","25844393"
"720","Colorado","1984","3169992"
"721","Connecticut","1984","3180014"
"722","Delaware","1984","611565"
"723","District of Columbia","1984","633382"
"724","Florida","1984","11039925"
"725","Georgia","1984","5834954"
"726","Hawaii","1984","1027922"
"727","Idaho","1984","990839"
"728","Illinois","1984","11412132"
"729","Indiana","1984","5458322"
"730","Iowa","1984","2858618"
"731","Kansas","1984","2424086"
"732","Kentucky","1984","3695453"
"733","Louisiana","1984","4400477"
"734","Maine","1984","1155635"
"735","Maryland","1984","4365243"
"736","Massachusetts","1984","5840773"
"737","Michigan","1984","9049452"
"738","Minnesota","1984","4157706"
"739","Mississippi","1984","2578051"
"740","Missouri","1984","4975278"
"741","Montana","1984","820905"
"742","Nebraska","1984","1588639"
"743","Nevada","1984","924922"
"744","New Hampshire","1984","976864"
"745","New Jersey","1984","7515473"
"746","New Mexico","1984","1416717"
"747","New York","1984","17745684"
"748","North Carolina","1984","6164006"
"749","North Dakota","1984","680497"
"750","Ohio","1984","10737746"
"751","Oklahoma","1984","3285533"
"752","Oregon","1984","2666588"
"753","Pennsylvania","1984","11815172"
"754","Rhode Island","1984","961894"
"755","South Carolina","1984","3271868"
"756","South Dakota","1984","697249"
"757","Tennessee","1984","4686737"
"758","Texas","1984","16007086"
"759","Utah","1984","1622342"
"760","Vermont","1984","526660"
"761","Virginia","1984","5643870"
"762","Washington","1984","4343656"
"763","West Virginia","1984","1927697"
"764","Wisconsin","1984","4735563"
"765","Wyoming","1984","504896"
"766","Alabama","1985","3972523"
"767","Alaska","1985","532495"
"768","Arizona","1985","3183538"
"769","Arkansas","1985","2327046"
"770","California","1985","26441109"
"771","Colorado","1985","3208723"
"772","Connecticut","1985","3201131"
"773","Delaware","1985","618280"
"774","District of Columbia","1985","634549"
"775","Florida","1985","11351118"
"776","Georgia","1985","5962661"
"777","Hawaii","1985","1039698"
"778","Idaho","1985","994051"
"779","Illinois","1985","11399806"
"780","Indiana","1985","5459211"
"781","Iowa","1985","2829684"
"782","Kansas","1985","2427405"
"783","Kentucky","1985","3694826"
"784","Louisiana","1985","4408118"
"785","Maine","1985","1162936"
"786","Maryland","1985","4413071"
"787","Massachusetts","1985","5880733"
"788","Michigan","1985","9076293"
"789","Minnesota","1985","4184302"
"790","Mississippi","1985","2588102"
"791","Missouri","1985","5000268"
"792","Montana","1985","822320"
"793","Nebraska","1985","1584664"
"794","Nevada","1985","951030"
"795","New Hampshire","1985","996753"
"796","New Jersey","1985","7565528"
"797","New Mexico","1985","1438361"
"798","New York","1985","17791672"
"799","North Carolina","1985","6253954"
"800","North Dakota","1985","676980"
"801","Ohio","1985","10734926"
"802","Oklahoma","1985","3271332"
"803","Oregon","1985","2672652"
"804","Pennsylvania","1985","11770862"
"805","Rhode Island","1985","968955"
"806","South Carolina","1985","3303209"
"807","South Dakota","1985","698402"
"808","Tennessee","1985","4715296"
"809","Texas","1985","16272734"
"810","Utah","1985","1642910"
"811","Vermont","1985","530035"
"812","Virginia","1985","5715153"
"813","Washington","1985","4400098"
"814","West Virginia","1985","1906831"
"815","Wisconsin","1985","4747767"
"816","Wyoming","1985","499695"
"817","Alabama","1986","3991569"
"818","Alaska","1986","544268"
"819","Arizona","1986","3308262"
"820","Arkansas","1986","2331984"
"821","California","1986","27102237"
"822","Colorado","1986","3237450"
"823","Connecticut","1986","3223740"
"824","Delaware","1986","627559"
"825","District of Columbia","1986","638269"
"826","Florida","1986","11667505"
"827","Georgia","1986","6084666"
"828","Hawaii","1986","1051762"
"829","Idaho","1986","990224"
"830","Illinois","1986","11387257"
"831","Indiana","1986","5454108"
"832","Iowa","1986","2791970"
"833","Kansas","1986","2432619"
"834","Kentucky","1986","3687809"
"835","Louisiana","1986","4406919"
"836","Maine","1986","1170126"
"837","Maryland","1986","4486957"
"838","Massachusetts","1986","5902678"
"839","Michigan","1986","9127775"
"840","Minnesota","1986","4205212"
"841","Mississippi","1986","2593597"
"842","Missouri","1986","5023068"
"843","Montana","1986","813739"
"844","Nebraska","1986","1574333"
"845","Nevada","1986","980613"
"846","New Hampshire","1986","1025053"
"847","New Jersey","1986","7622159"
"848","New Mexico","1986","1462729"
"849","New York","1986","17833419"
"850","North Carolina","1986","6321578"
"851","North Dakota","1986","669512"
"852","Ohio","1986","10730268"
"853","Oklahoma","1986","3252735"
"854","Oregon","1986","2683528"
"855","Pennsylvania","1986","11782752"
"856","Rhode Island","1986","977341"
"857","South Carolina","1986","3342758"
"858","South Dakota","1986","696034"
"859","Tennessee","1986","4738708"
"860","Texas","1986","16561113"
"861","Utah","1986","1662834"
"862","Vermont","1986","534066"
"863","Virginia","1986","5811700"
"864","Washington","1986","4452720"
"865","West Virginia","1986","1882350"
"866","Wisconsin","1986","4755618"
"867","Wyoming","1986","495633"
"868","Alabama","1987","4015264"
"869","Alaska","1987","539309"
"870","Arizona","1987","3437103"
"871","Arkansas","1987","2342355"
"872","California","1987","27777158"
"873","Colorado","1987","3260480"
"874","Connecticut","1987","3247291"
"875","Delaware","1987","636947"
"876","District of Columbia","1987","636930"
"877","Florida","1987","11997283"
"878","Georgia","1987","6208467"
"879","Hawaii","1987","1067918"
"880","Idaho","1987","984997"
"881","Illinois","1987","11391178"
"882","Indiana","1987","5473012"
"883","Iowa","1987","2767011"
"884","Kansas","1987","2445367"
"885","Kentucky","1987","3683329"
"886","Louisiana","1987","4344148"
"887","Maine","1987","1184574"
"888","Maryland","1987","4565557"
"889","Massachusetts","1987","5935204"
"890","Michigan","1987","9187481"
"891","Minnesota","1987","4235136"
"892","Mississippi","1987","2588545"
"893","Missouri","1987","5056696"
"894","Montana","1987","805063"
"895","Nebraska","1987","1566547"
"896","Nevada","1987","1023376"
"897","New Hampshire","1987","1054289"
"898","New Jersey","1987","7670742"
"899","New Mexico","1987","1478520"
"900","New York","1987","17868848"
"901","North Carolina","1987","6403700"
"902","North Dakota","1987","661136"
"903","Ohio","1987","10760090"
"904","Oklahoma","1987","3210122"
"905","Oregon","1987","2700991"
"906","Pennsylvania","1987","11810866"
"907","Rhode Island","1987","989604"
"908","South Carolina","1987","3380506"
"909","South Dakota","1987","696036"
"910","Tennessee","1987","4782927"
"911","Texas","1987","16621791"
"912","Utah","1987","1678119"
"913","Vermont","1987","540267"
"914","Virginia","1987","5932268"
"915","Washington","1987","4531901"
"916","West Virginia","1987","1857585"
"917","Wisconsin","1987","4777919"
"918","Wyoming","1987","476965"
"919","Alabama","1988","4023844"
"920","Alaska","1988","541983"
"921","Arizona","1988","3535183"
"922","Arkansas","1988","2342656"
"923","California","1988","28464249"
"924","Colorado","1988","3262281"
"925","Connecticut","1988","3271953"
"926","Delaware","1988","647622"
"927","District of Columbia","1988","630432"
"928","Florida","1988","12306395"
"929","Georgia","1988","6316142"
"930","Hawaii","1988","1079828"
"931","Idaho","1988","985664"
"932","Illinois","1988","11390183"
"933","Indiana","1988","5491735"
"934","Iowa","1988","2768388"
"935","Kansas","1988","2461996"
"936","Kentucky","1988","3679999"
"937","Louisiana","1988","4288863"
"938","Maine","1988","1203840"
"939","Maryland","1988","4657904"
"940","Massachusetts","1988","5979982"
"941","Michigan","1988","9217998"
"942","Minnesota","1988","4296166"
"943","Mississippi","1988","2580352"
"944","Missouri","1988","5081736"
"945","Montana","1988","800202"
"946","Nebraska","1988","1571477"
"947","Nevada","1988","1075022"
"948","New Hampshire","1988","1082577"
"949","New Jersey","1988","7712333"
"950","New Mexico","1988","1490337"
"951","New York","1988","17941309"
"952","North Carolina","1988","6480594"
"953","North Dakota","1988","655331"
"954","Ohio","1988","10798552"
"955","Oklahoma","1988","3167057"
"956","Oregon","1988","2741297"
"957","Pennsylvania","1988","11845752"
"958","Rhode Island","1988","996408"
"959","South Carolina","1988","3412096"
"960","South Dakota","1988","698165"
"961","Tennessee","1988","4822437"
"962","Texas","1988","16667022"
"963","Utah","1988","1689372"
"964","Vermont","1988","549763"
"965","Virginia","1988","6036909"
"966","Washington","1988","4639893"
"967","West Virginia","1988","1830215"
"968","Wisconsin","1988","4822388"
"969","Wyoming","1988","465101"
"970","Alabama","1989","4030222"
"971","Alaska","1989","547159"
"972","Arizona","1989","3622185"
"973","Arkansas","1989","2346358"
"974","California","1989","29218164"
"975","Colorado","1989","3275818"
"976","Connecticut","1989","3283403"
"977","Delaware","1989","658273"
"978","District of Columbia","1989","624168"
"979","Florida","1989","12637715"
"980","Georgia","1989","6411099"
"981","Hawaii","1989","1094588"
"982","Idaho","1989","994416"
"983","Illinois","1989","11409782"
"984","Indiana","1989","5523693"
"985","Iowa","1989","2770592"
"986","Kansas","1989","2472849"
"987","Kentucky","1989","3677306"
"988","Louisiana","1989","4252894"
"989","Maine","1989","1219961"
"990","Maryland","1989","4727301"
"991","Massachusetts","1989","6015478"
"992","Michigan","1989","9253295"
"993","Minnesota","1989","4338057"
"994","Mississippi","1989","2574269"
"995","Missouri","1989","5095830"
"996","Montana","1989","799636"
"997","Nebraska","1989","1574864"
"998","Nevada","1989","1137382"
"999","New Hampshire","1989","1104522"
"1000","New Jersey","1989","7726089"
"1001","New Mexico","1989","1503901"
"1002","New York","1989","17983086"
"1003","North Carolina","1989","6565459"
"1004","North Dakota","1989","646351"
"1005","Ohio","1989","10829217"
"1006","Oklahoma","1989","3150307"
"1007","Oregon","1989","2790575"
"1008","Pennsylvania","1989","11865996"
"1009","Rhode Island","1989","1000666"
"1010","South Carolina","1989","3456775"
"1011","South Dakota","1989","696701"
"1012","Tennessee","1989","4854444"
"1013","Texas","1989","16806735"
"1014","Utah","1989","1705864"
"1015","Vermont","1989","557707"
"1016","Virginia","1989","6120246"
"1017","Washington","1989","4746316"
"1018","West Virginia","1989","1806568"
"1019","Wisconsin","1989","4856574"
"1020","Wyoming","1989","458374"
"1021","Alabama","1990","4040587"
"1022","Alaska","1990","550043"
"1023","Arizona","1990","3665228"
"1024","Arkansas","1990","2350725"
"1025","California","1990","29760021"
"1026","Colorado","1990","3294394"
"1027","Connecticut","1990","3287116"
"1028","Delaware","1990","666168"
"1029","District of Columbia","1990","606900"
"1030","Florida","1990","12937926"
"1031","Georgia","1990","6478216"
"1032","Hawaii","1990","1108229"
"1033","Idaho","1990","1006749"
"1034","Illinois","1990","11430602"
"1035","Indiana","1990","5544159"
"1036","Iowa","1990","2776755"
"1037","Kansas","1990","2477574"
"1038","Kentucky","1990","3685296"
"1039","Louisiana","1990","4219973"
"1040","Maine","1990","1227928"
"1041","Maryland","1990","4781468"
"1042","Massachusetts","1990","6016425"
"1043","Michigan","1990","9295297"
"1044","Minnesota","1990","4375099"
"1045","Mississippi","1990","2573216"
"1046","Missouri","1990","5117073"
"1047","Montana","1990","799065"
"1048","Nebraska","1990","1578385"
"1049","Nevada","1990","1201833"
"1050","New Hampshire","1990","1109252"
"1051","New Jersey","1990","7730188"
"1052","New Mexico","1990","1515069"
"1053","New York","1990","17990455"
"1054","North Carolina","1990","6628637"
"1055","North Dakota","1990","638800"
"1056","Ohio","1990","10847115"
"1057","Oklahoma","1990","3145585"
"1058","Oregon","1990","2842321"
"1059","Pennsylvania","1990","11881643"
"1060","Rhode Island","1990","1003464"
"1061","South Carolina","1990","3486703"
"1062","South Dakota","1990","696004"
"1063","Tennessee","1990","4877185"
"1064","Texas","1990","16986510"
"1065","Utah","1990","1722850"
"1066","Vermont","1990","562758"
"1067","Virginia","1990","6187358"
"1068","Washington","1990","4866692"
"1069","West Virginia","1990","1793477"
"1070","Wisconsin","1990","4891769"
"1071","Wyoming","1990","453588"
"1072","Alabama","1991","4099156"
"1073","Alaska","1991","570193"
"1074","Arizona","1991","3788576"
"1075","Arkansas","1991","2383144"
"1076","California","1991","30470736"
"1077","Colorado","1991","3387119"
"1078","Connecticut","1991","3302895"
"1079","Delaware","1991","683080"
"1080","District of Columbia","1991","600870"
"1081","Florida","1991","13369798"
"1082","Georgia","1991","6653005"
"1083","Hawaii","1991","1136754"
"1084","Idaho","1991","1041316"
"1085","Illinois","1991","11568964"
"1086","Indiana","1991","5616388"
"1087","Iowa","1991","2797613"
"1088","Kansas","1991","2498722"
"1089","Kentucky","1991","3722328"
"1090","Louisiana","1991","4253279"
"1091","Maine","1991","1237081"
"1092","Maryland","1991","4867641"
"1093","Massachusetts","1991","6018470"
"1094","Michigan","1991","9400446"
"1095","Minnesota","1991","4440859"
"1096","Mississippi","1991","2598733"
"1097","Missouri","1991","5170800"
"1098","Montana","1991","809680"
"1099","Nebraska","1991","1595919"
"1100","Nevada","1991","1296171"
"1101","New Hampshire","1991","1109929"
"1102","New Jersey","1991","7814676"
"1103","New Mexico","1991","1555305"
"1104","New York","1991","18122510"
"1105","North Carolina","1991","6784280"
"1106","North Dakota","1991","635753"
"1107","Ohio","1991","10945762"
"1108","Oklahoma","1991","3175440"
"1109","Oregon","1991","2928507"
"1110","Pennsylvania","1991","11982164"
"1111","Rhode Island","1991","1010649"
"1112","South Carolina","1991","3570404"
"1113","South Dakota","1991","703669"
"1114","Tennessee","1991","4966587"
"1115","Texas","1991","17398005"
"1116","Utah","1991","1779780"
"1117","Vermont","1991","568606"
"1118","Virginia","1991","6301217"
"1119","Washington","1991","5025624"
"1120","West Virginia","1991","1798735"
"1121","Wisconsin","1991","4964343"
"1122","Wyoming","1991","459260"
"1123","Alabama","1992","4154014"
"1124","Alaska","1992","588736"
"1125","Arizona","1992","3915740"
"1126","Arkansas","1992","2415984"
"1127","California","1992","30974659"
"1128","Colorado","1992","3495939"
"1129","Connecticut","1992","3300712"
"1130","Delaware","1992","694925"
"1131","District of Columbia","1992","597565"
"1132","Florida","1992","13650553"
"1133","Georgia","1992","6817203"
"1134","Hawaii","1992","1158613"
"1135","Idaho","1992","1071685"
"1136","Illinois","1992","11694184"
"1137","Indiana","1992","5674547"
"1138","Iowa","1992","2818401"
"1139","Kansas","1992","2532394"
"1140","Kentucky","1992","3765469"
"1141","Louisiana","1992","4293003"
"1142","Maine","1992","1238508"
"1143","Maryland","1992","4923368"
"1144","Massachusetts","1992","6028709"
"1145","Michigan","1992","9479065"
"1146","Minnesota","1992","4495572"
"1147","Mississippi","1992","2623734"
"1148","Missouri","1992","5217101"
"1149","Montana","1992","825770"
"1150","Nebraska","1992","1611687"
"1151","Nevada","1992","1351367"
"1152","New Hampshire","1992","1117784"
"1153","New Jersey","1992","7880508"
"1154","New Mexico","1992","1595442"
"1155","New York","1992","18246653"
"1156","North Carolina","1992","6897214"
"1157","North Dakota","1992","638223"
"1158","Ohio","1992","11029431"
"1159","Oklahoma","1992","3220517"
"1160","Oregon","1992","2991755"
"1161","Pennsylvania","1992","12049450"
"1162","Rhode Island","1992","1012581"
"1163","South Carolina","1992","3620464"
"1164","South Dakota","1992","712801"
"1165","Tennessee","1992","5049742"
"1166","Texas","1992","17759738"
"1167","Utah","1992","1836799"
"1168","Vermont","1992","572751"
"1169","Virginia","1992","6414307"
"1170","Washington","1992","5160757"
"1171","West Virginia","1992","1806451"
"1172","Wisconsin","1992","5025398"
"1173","Wyoming","1992","466251"
"1174","Alabama","1993","4214202"
"1175","Alaska","1993","599432"
"1176","Arizona","1993","4065440"
"1177","Arkansas","1993","2456303"
"1178","California","1993","31274928"
"1179","Colorado","1993","3613734"
"1180","Connecticut","1993","3309175"
"1181","Delaware","1993","706378"
"1182","District of Columbia","1993","595301"
"1183","Florida","1993","13927185"
"1184","Georgia","1993","6978240"
"1185","Hawaii","1993","1172838"
"1186","Idaho","1993","1108768"
"1187","Illinois","1993","11809579"
"1188","Indiana","1993","5739019"
"1189","Iowa","1993","2836972"
"1190","Kansas","1993","2556547"
"1191","Kentucky","1993","3812206"
"1192","Louisiana","1993","4316428"
"1193","Maine","1993","1242302"
"1194","Maryland","1993","4971889"
"1195","Massachusetts","1993","6060569"
"1196","Michigan","1993","9540114"
"1197","Minnesota","1993","4555954"
"1198","Mississippi","1993","2655100"
"1199","Missouri","1993","5271175"
"1200","Montana","1993","844761"
"1201","Nebraska","1993","1625590"
"1202","Nevada","1993","1411215"
"1203","New Hampshire","1993","1129458"
"1204","New Jersey","1993","7948915"
"1205","New Mexico","1993","1636453"
"1206","New York","1993","18374954"
"1207","North Carolina","1993","7042818"
"1208","North Dakota","1993","641216"
"1209","Ohio","1993","11101140"
"1210","Oklahoma","1993","3252285"
"1211","Oregon","1993","3060367"
"1212","Pennsylvania","1993","12119724"
"1213","Rhode Island","1993","1015112"
"1214","South Carolina","1993","3663314"
"1215","South Dakota","1993","722159"
"1216","Tennessee","1993","5137584"
"1217","Texas","1993","18161612"
"1218","Utah","1993","1898404"
"1219","Vermont","1993","577748"
"1220","Virginia","1993","6509630"
"1221","Washington","1993","5278842"
"1222","West Virginia","1993","1817539"
"1223","Wisconsin","1993","5084889"
"1224","Wyoming","1993","473081"
"1225","Alabama","1994","4260229"
"1226","Alaska","1994","603308"
"1227","Arizona","1994","4245089"
"1228","Arkansas","1994","2494019"
"1229","California","1994","31484435"
"1230","Colorado","1994","3724168"
"1231","Connecticut","1994","3316121"
"1232","Delaware","1994","717545"
"1233","District of Columbia","1994","589239"
"1234","Florida","1994","14239444"
"1235","Georgia","1994","7157165"
"1236","Hawaii","1994","1187536"
"1237","Idaho","1994","1145140"
"1238","Illinois","1994","11912585"
"1239","Indiana","1994","5793526"
"1240","Iowa","1994","2850746"
"1241","Kansas","1994","2580513"
"1242","Kentucky","1994","3849088"
"1243","Louisiana","1994","4347481"
"1244","Maine","1994","1242662"
"1245","Maryland","1994","5023060"
"1246","Massachusetts","1994","6095241"
"1247","Michigan","1994","9597737"
"1248","Minnesota","1994","4610355"
"1249","Mississippi","1994","2688992"
"1250","Missouri","1994","5324497"
"1251","Montana","1994","861306"
"1252","Nebraska","1994","1639041"
"1253","Nevada","1994","1499298"
"1254","New Hampshire","1994","1142560"
"1255","New Jersey","1994","8014306"
"1256","New Mexico","1994","1682398"
"1257","New York","1994","18459470"
"1258","North Carolina","1994","7187398"
"1259","North Dakota","1994","644804"
"1260","Ohio","1994","11152454"
"1261","Oklahoma","1994","3280940"
"1262","Oregon","1994","3121264"
"1263","Pennsylvania","1994","12166050"
"1264","Rhode Island","1994","1015960"
"1265","South Carolina","1994","3705397"
"1266","South Dakota","1994","730790"
"1267","Tennessee","1994","5231438"
"1268","Texas","1994","18564062"
"1269","Utah","1994","1960446"
"1270","Vermont","1994","583836"
"1271","Virginia","1994","6593139"
"1272","Washington","1994","5375161"
"1273","West Virginia","1994","1820421"
"1274","Wisconsin","1994","5133678"
"1275","Wyoming","1994","480283"
"1276","Alabama","1995","4296800"
"1277","Alaska","1995","604412"
"1278","Arizona","1995","4432499"
"1279","Arkansas","1995","2535399"
"1280","California","1995","31696582"
"1281","Colorado","1995","3826653"
"1282","Connecticut","1995","3324144"
"1283","Delaware","1995","729734"
"1284","District of Columbia","1995","580517"
"1285","Florida","1995","14537875"
"1286","Georgia","1995","7328413"
"1287","Hawaii","1995","1196854"
"1288","Idaho","1995","1177322"
"1289","Illinois","1995","12008437"
"1290","Indiana","1995","5851459"
"1291","Iowa","1995","2867373"
"1292","Kansas","1995","2601007"
"1293","Kentucky","1995","3887427"
"1294","Louisiana","1995","4378779"
"1295","Maine","1995","1243480"
"1296","Maryland","1995","5070033"
"1297","Massachusetts","1995","6141445"
"1298","Michigan","1995","9676211"
"1299","Minnesota","1995","4660180"
"1300","Mississippi","1995","2722659"
"1301","Missouri","1995","5378247"
"1302","Montana","1995","876553"
"1303","Nebraska","1995","1656992"
"1304","Nevada","1995","1581578"
"1305","New Hampshire","1995","1157561"
"1306","New Jersey","1995","8083242"
"1307","New Mexico","1995","1720394"
"1308","New York","1995","18524104"
"1309","North Carolina","1995","7344674"
"1310","North Dakota","1995","647832"
"1311","Ohio","1995","11202751"
"1312","Oklahoma","1995","3308208"
"1313","Oregon","1995","3184369"
"1314","Pennsylvania","1995","12198403"
"1315","Rhode Island","1995","1017002"
"1316","South Carolina","1995","3748582"
"1317","South Dakota","1995","737925"
"1318","Tennessee","1995","5326936"
"1319","Texas","1995","18958751"
"1320","Utah","1995","2014177"
"1321","Vermont","1995","589002"
"1322","Virginia","1995","6670693"
"1323","Washington","1995","5481027"
"1324","West Virginia","1995","1823700"
"1325","Wisconsin","1995","5184836"
"1326","Wyoming","1995","485160"
"1327","Alabama","1996","4331102"
"1328","Alaska","1996","608569"
"1329","Arizona","1996","4586940"
"1330","Arkansas","1996","2572109"
"1331","California","1996","32018834"
"1332","Colorado","1996","3919972"
"1333","Connecticut","1996","3336685"
"1334","Delaware","1996","740977"
"1335","District of Columbia","1996","572377"
"1336","Florida","1996","14853360"
"1337","Georgia","1996","7501069"
"1338","Hawaii","1996","1203755"
"1339","Idaho","1996","1203083"
"1340","Illinois","1996","12101997"
"1341","Indiana","1996","5906013"
"1342","Iowa","1996","2880000"
"1343","Kansas","1996","2614554"
"1344","Kentucky","1996","3919535"
"1345","Louisiana","1996","4398877"
"1346","Maine","1996","1249060"
"1347","Maryland","1996","5111986"
"1348","Massachusetts","1996","6179756"
"1349","Michigan","1996","9758645"
"1350","Minnesota","1996","4712827"
"1351","Mississippi","1996","2748085"
"1352","Missouri","1996","5431553"
"1353","Montana","1996","886254"
"1354","Nebraska","1996","1673740"
"1355","Nevada","1996","1666320"
"1356","New Hampshire","1996","1174719"
"1357","New Jersey","1996","8149596"
"1358","New Mexico","1996","1752326"
"1359","New York","1996","18588460"
"1360","North Carolina","1996","7500670"
"1361","North Dakota","1996","650382"
"1362","Ohio","1996","11242827"
"1363","Oklahoma","1996","3340129"
"1364","Oregon","1996","3247111"
"1365","Pennsylvania","1996","12220464"
"1366","Rhode Island","1996","1020893"
"1367","South Carolina","1996","3796200"
"1368","South Dakota","1996","742213"
"1369","Tennessee","1996","5416643"
"1370","Texas","1996","19340342"
"1371","Utah","1996","2067976"
"1372","Vermont","1996","593701"
"1373","Virginia","1996","6750884"
"1374","Washington","1996","5569753"
"1375","West Virginia","1996","1822808"
"1376","Wisconsin","1996","5229986"
"1377","Wyoming","1996","488167"
"1378","Alabama","1997","4367935"
"1379","Alaska","1997","612968"
"1380","Arizona","1997","4736990"
"1381","Arkansas","1997","2601090"
"1382","California","1997","32486010"
"1383","Colorado","1997","4018293"
"1384","Connecticut","1997","3349348"
"1385","Delaware","1997","751487"
"1386","District of Columbia","1997","567736"
"1387","Florida","1997","15186304"
"1388","Georgia","1997","7685099"
"1389","Hawaii","1997","1211640"
"1390","Idaho","1997","1228520"
"1391","Illinois","1997","12185715"
"1392","Indiana","1997","5955267"
"1393","Iowa","1997","2891119"
"1394","Kansas","1997","2635292"
"1395","Kentucky","1997","3952747"
"1396","Louisiana","1997","4421071"
"1397","Maine","1997","1254774"
"1398","Maryland","1997","5157328"
"1399","Massachusetts","1997","6226058"
"1400","Michigan","1997","9809051"
"1401","Minnesota","1997","4763390"
"1402","Mississippi","1997","2777004"
"1403","Missouri","1997","5481193"
"1404","Montana","1997","889865"
"1405","Nebraska","1997","1686418"
"1406","Nevada","1997","1764104"
"1407","New Hampshire","1997","1189425"
"1408","New Jersey","1997","8218808"
"1409","New Mexico","1997","1774839"
"1410","New York","1997","18656546"
"1411","North Carolina","1997","7656825"
"1412","North Dakota","1997","649716"
"1413","Ohio","1997","11277357"
"1414","Oklahoma","1997","3372917"
"1415","Oregon","1997","3304310"
"1416","Pennsylvania","1997","12227814"
"1417","Rhode Island","1997","1025353"
"1418","South Carolina","1997","3859696"
"1419","South Dakota","1997","744223"
"1420","Tennessee","1997","5499233"
"1421","Texas","1997","19740317"
"1422","Utah","1997","2119784"
"1423","Vermont","1997","597239"
"1424","Virginia","1997","6829183"
"1425","Washington","1997","5674747"
"1426","West Virginia","1997","1819113"
"1427","Wisconsin","1997","5266213"
"1428","Wyoming","1997","489451"
"1429","Alabama","1998","4404701"
"1430","Alaska","1998","619932"
"1431","Arizona","1998","4883342"
"1432","Arkansas","1998","2626289"
"1433","California","1998","32987675"
"1434","Colorado","1998","4116639"
"1435","Connecticut","1998","3365352"
"1436","Delaware","1998","763335"
"1437","District of Columbia","1998","565230"
"1438","Florida","1998","15486559"
"1439","Georgia","1998","7863536"
"1440","Hawaii","1998","1215233"
"1441","Idaho","1998","1252330"
"1442","Illinois","1998","12271847"
"1443","Indiana","1998","5998880"
"1444","Iowa","1998","2902872"
"1445","Kansas","1998","2660598"
"1446","Kentucky","1998","3985390"
"1447","Louisiana","1998","4440344"
"1448","Maine","1998","1259127"
"1449","Maryland","1998","5204464"
"1450","Massachusetts","1998","6271838"
"1451","Michigan","1998","9847942"
"1452","Minnesota","1998","4813412"
"1453","Mississippi","1998","2804834"
"1454","Missouri","1998","5521765"
"1455","Montana","1998","892431"
"1456","Nebraska","1998","1695816"
"1457","Nevada","1998","1853191"
"1458","New Hampshire","1998","1205940"
"1459","New Jersey","1998","8287418"
"1460","New Mexico","1998","1793484"
"1461","New York","1998","18755906"
"1462","North Carolina","1998","7809121"
"1463","North Dakota","1998","647532"
"1464","Ohio","1998","11311536"
"1465","Oklahoma","1998","3405194"
"1466","Oregon","1998","3352449"
"1467","Pennsylvania","1998","12245672"
"1468","Rhode Island","1998","1031155"
"1469","South Carolina","1998","3919235"
"1470","South Dakota","1998","746058"
"1471","Tennessee","1998","5570045"
"1472","Texas","1998","20157531"
"1473","Utah","1998","2165960"
"1474","Vermont","1998","600416"
"1475","Virginia","1998","6900918"
"1476","Washington","1998","5769562"
"1477","West Virginia","1998","1815609"
"1478","Wisconsin","1998","5297672"
"1479","Wyoming","1998","490787"
"1480","Alabama","1999","4430141"
"1481","Alaska","1999","624779"
"1482","Arizona","1999","5023823"
"1483","Arkansas","1999","2651860"
"1484","California","1999","33499204"
"1485","Colorado","1999","4226018"
"1486","Connecticut","1999","3386401"
"1487","Delaware","1999","774990"
"1488","District of Columbia","1999","570213"
"1489","Florida","1999","15759421"
"1490","Georgia","1999","8045965"
"1491","Hawaii","1999","1210300"
"1492","Idaho","1999","1275674"
"1493","Illinois","1999","12359020"
"1494","Indiana","1999","6044969"
"1495","Iowa","1999","2917634"
"1496","Kansas","1999","2678338"
"1497","Kentucky","1999","4018053"
"1498","Louisiana","1999","4460811"
"1499","Maine","1999","1266808"
"1500","Maryland","1999","5254509"
"1501","Massachusetts","1999","6317345"
"1502","Michigan","1999","9897116"
"1503","Minnesota","1999","4873481"
"1504","Mississippi","1999","2828408"
"1505","Missouri","1999","5561948"
"1506","Montana","1999","897507"
"1507","Nebraska","1999","1704764"
"1508","Nevada","1999","1934718"
"1509","New Hampshire","1999","1222014"
"1510","New Jersey","1999","8359592"
"1511","New Mexico","1999","1808082"
"1512","New York","1999","18882725"
"1513","North Carolina","1999","7949361"
"1514","North Dakota","1999","644259"
"1515","Ohio","1999","11335454"
"1516","Oklahoma","1999","3437147"
"1517","Oregon","1999","3393941"
"1518","Pennsylvania","1999","12263805"
"1519","Rhode Island","1999","1040402"
"1520","South Carolina","1999","3974682"
"1521","South Dakota","1999","750412"
"1522","Tennessee","1999","5638706"
"1523","Texas","1999","20558220"
"1524","Utah","1999","2203482"
"1525","Vermont","1999","604683"
"1526","Virginia","1999","7000174"
"1527","Washington","1999","5842564"
"1528","West Virginia","1999","1811799"
"1529","Wisconsin","1999","5332666"
"1530","Wyoming","1999","491780"
"1531","Alabama","2000","4447100"
"1532","Alaska","2000","626932"
"1533","Arizona","2000","5130632"
"1534","Arkansas","2000","2673400"
"1535","California","2000","33871648"
"1536","Colorado","2000","4301261"
"1537","Connecticut","2000","3405565"
"1538","Delaware","2000","783600"
"1539","District of Columbia","2000","572059"
"1540","Florida","2000","15982378"
"1541","Georgia","2000","8186453"
"1542","Hawaii","2000","1211537"
"1543","Idaho","2000","1293953"
"1544","Illinois","2000","12419293"
"1545","Indiana","2000","6080485"
"1546","Iowa","2000","2926324"
"1547","Kansas","2000","2688418"
"1548","Kentucky","2000","4041769"
"1549","Louisiana","2000","4468976"
"1550","Maine","2000","1274923"
"1551","Maryland","2000","5296486"
"1552","Massachusetts","2000","6349097"
"1553","Michigan","2000","9938444"
"1554","Minnesota","2000","4919479"
"1555","Mississippi","2000","2844658"
"1556","Missouri","2000","5595211"
"1557","Montana","2000","902195"
"1558","Nebraska","2000","1711263"
"1559","Nevada","2000","1998257"
"1560","New Hampshire","2000","1235786"
"1561","New Jersey","2000","8414350"
"1562","New Mexico","2000","1819046"
"1563","New York","2000","18976457"
"1564","North Carolina","2000","8049313"
"1565","North Dakota","2000","642200"
"1566","Ohio","2000","11353140"
"1567","Oklahoma","2000","3450654"
"1568","Oregon","2000","3421399"
"1569","Pennsylvania","2000","12281054"
"1570","Rhode Island","2000","1048319"
"1571","South Carolina","2000","4012012"
"1572","South Dakota","2000","754844"
"1573","Tennessee","2000","5689283"
"1574","Texas","2000","20851820"
"1575","Utah","2000","2233169"
"1576","Vermont","2000","608827"
"1577","Virginia","2000","7078515"
"1578","Washington","2000","5894121"
"1579","West Virginia","2000","1808344"
"1580","Wisconsin","2000","5363675"
"1581","Wyoming","2000","49378"
"1582","Alabama","2001","4467634"
"1583","Alaska","2001","633714"
"1584","Arizona","2001","5273477"
"1585","Arkansas","2001","2691571"
"1586","California","2001","34479458"
"1587","Colorado","2001","4425687"
"1588","Connecticut","2001","3432835"
"1589","Delaware","2001","795699"
"1590","District of Columbia","2001","574504"
"1591","Florida","2001","16356966"
"1592","Georgia","2001","8377038"
"1593","Hawaii","2001","1225948"
"1594","Idaho","2001","1319962"
"1595","Illinois","2001","12488445"
"1596","Indiana","2001","6127760"
"1597","Iowa","2001","2931997"
"1598","Kansas","2001","2702162"
"1599","Kentucky","2001","4068132"
"1600","Louisiana","2001","4477875"
"1601","Maine","2001","1285692"
"1602","Maryland","2001","5374691"
"1603","Massachusetts","2001","6397634"
"1604","Michigan","2001","9991120"
"1605","Minnesota","2001","4982796"
"1606","Mississippi","2001","2852994"
"1607","Missouri","2001","5641142"
"1608","Montana","2001","906961"
"1609","Nebraska","2001","1719836"
"1610","Nevada","2001","2098399"
"1611","New Hampshire","2001","1255517"
"1612","New Jersey","2001","8492671"
"1613","New Mexico","2001","1831690"
"1614","New York","2001","19082838"
"1615","North Carolina","2001","8210122"
"1616","North Dakota","2001","639062"
"1617","Ohio","2001","11387404"
"1618","Oklahoma","2001","3467100"
"1619","Oregon","2001","3467937"
"1620","Pennsylvania","2001","12298970"
"1621","Rhode Island","2001","1057142"
"1622","South Carolina","2001","4064995"
"1623","South Dakota","2001","757972"
"1624","Tennessee","2001","5750789"
"1625","Texas","2001","21319622"
"1626","Utah","2001","2283715"
"1627","Vermont","2001","612223"
"1628","Virginia","2001","7198362"
"1629","Washington","2001","5985722"
"1630","West Virginia","2001","1801481"
"1631","Wisconsin","2001","5406835"
"1632","Wyoming","2001","494657"
"1633","Alabama","2002","4480089"
"1634","Alaska","2002","642337"
"1635","Arizona","2002","5396255"
"1636","Arkansas","2002","2705927"
"1637","California","2002","34871843"
"1638","Colorado","2002","4490406"
"1639","Connecticut","2002","3458749"
"1640","Delaware","2002","806169"
"1641","District of Columbia","2002","573158"
"1642","Florida","2002","16689370"
"1643","Georgia","2002","8508256"
"1644","Hawaii","2002","1239613"
"1645","Idaho","2002","1340372"
"1646","Illinois","2002","12525556"
"1647","Indiana","2002","6155967"
"1648","Iowa","2002","2934234"
"1649","Kansas","2002","2713535"
"1650","Kentucky","2002","4089875"
"1651","Louisiana","2002","4497267"
"1652","Maine","2002","1295960"
"1653","Maryland","2002","5440389"
"1654","Massachusetts","2002","6417206"
"1655","Michigan","2002","10015710"
"1656","Minnesota","2002","5018935"
"1657","Mississippi","2002","2858681"
"1658","Missouri","2002","5674825"
"1659","Montana","2002","911667"
"1660","Nebraska","2002","1728292"
"1661","Nevada","2002","2173791"
"1662","New Hampshire","2002","1269089"
"1663","New Jersey","2002","8552643"
"1664","New Mexico","2002","1855309"
"1665","New York","2002","19137800"
"1666","North Carolina","2002","8326201"
"1667","North Dakota","2002","638168"
"1668","Ohio","2002","11407889"
"1669","Oklahoma","2002","3489080"
"1670","Oregon","2002","3513424"
"1671","Pennsylvania","2002","12331031"
"1672","Rhode Island","2002","1065995"
"1673","South Carolina","2002","4107795"
"1674","South Dakota","2002","760020"
"1675","Tennessee","2002","5795918"
"1676","Texas","2002","21690325"
"1677","Utah","2002","2324815"
"1678","Vermont","2002","615442"
"1679","Virginia","2002","7286873"
"1680","Washington","2002","6052349"
"1681","West Virginia","2002","1805414"
"1682","Wisconsin","2002","5445162"
"1683","Wyoming","2002","500017"
"1684","Alabama","2003","4503491"
"1685","Alaska","2003","648414"
"1686","Arizona","2003","5510364"
"1687","Arkansas","2003","2724816"
"1688","California","2003","35253159"
"1689","Colorado","2003","4528732"
"1690","Connecticut","2003","3484336"
"1691","Delaware","2003","818003"
"1692","District of Columbia","2003","568502"
"1693","Florida","2003","17004085"
"1694","Georgia","2003","8622793"
"1695","Hawaii","2003","1251154"
"1696","Idaho","2003","1363380"
"1697","Illinois","2003","12556006"
"1698","Indiana","2003","6196638"
"1699","Iowa","2003","2941999"
"1700","Kansas","2003","2723004"
"1701","Kentucky","2003","4117170"
"1702","Louisiana","2003","4521042"
"1703","Maine","2003","1306513"
"1704","Maryland","2003","5496269"
"1705","Massachusetts","2003","6422565"
"1706","Michigan","2003","10041152"
"1707","Minnesota","2003","5053572"
"1708","Mississippi","2003","2868312"
"1709","Missouri","2003","5709403"
"1710","Montana","2003","919630"
"1711","Nebraska","2003","1738643"
"1712","Nevada","2003","2248850"
"1713","New Hampshire","2003","1279840"
"1714","New Jersey","2003","8601402"
"1715","New Mexico","2003","1877574"
"1716","New York","2003","19175939"
"1717","North Carolina","2003","8422501"
"1718","North Dakota","2003","638817"
"1719","Ohio","2003","11434788"
"1720","Oklahoma","2003","3504892"
"1721","Oregon","2003","3547376"
"1722","Pennsylvania","2003","12374658"
"1723","Rhode Island","2003","1071342"
"1724","South Carolina","2003","4150297"
"1725","South Dakota","2003","763729"
"1726","Tennessee","2003","5847812"
"1727","Texas","2003","22030931"
"1728","Utah","2003","2360137"
"1729","Vermont","2003","617858"
"1730","Virginia","2003","7366977"
"1731","Washington","2003","6104115"
"1732","West Virginia","2003","1812295"
"1733","Wisconsin","2003","5479203"
"1734","Wyoming","2003","503453"
"1735","Alabama","2004","4530729"
"1736","Alaska","2004","659286"
"1737","Arizona","2004","5652404"
"1738","Arkansas","2004","2749686"
"1739","California","2004","35574576"
"1740","Colorado","2004","4575013"
"1741","Connecticut","2004","3496094"
"1742","Delaware","2004","830803"
"1743","District of Columbia","2004","567754"
"1744","Florida","2004","17415318"
"1745","Georgia","2004","8769252"
"1746","Hawaii","2004","1273569"
"1747","Idaho","2004","1391802"
"1748","Illinois","2004","12589773"
"1749","Indiana","2004","6233007"
"1750","Iowa","2004","2953635"
"1751","Kansas","2004","2734373"
"1752","Kentucky","2004","4146101"
"1753","Louisiana","2004","4552238"
"1754","Maine","2004","1313688"
"1755","Maryland","2004","5546935"
"1756","Massachusetts","2004","6412281"
"1757","Michigan","2004","10055315"
"1758","Minnesota","2004","5087713"
"1759","Mississippi","2004","2889010"
"1760","Missouri","2004","5747741"
"1761","Montana","2004","930009"
"1762","Nebraska","2004","1749370"
"1763","Nevada","2004","2346222"
"1764","New Hampshire","2004","1290121"
"1765","New Jersey","2004","8634561"
"1766","New Mexico","2004","1903808"
"1767","New York","2004","19171567"
"1768","North Carolina","2004","8553152"
"1769","North Dakota","2004","644705"
"1770","Ohio","2004","11452251"
"1771","Oklahoma","2004","3525233"
"1772","Oregon","2004","3569463"
"1773","Pennsylvania","2004","12410722"
"1774","Rhode Island","2004","1074579"
"1775","South Carolina","2004","4210921"
"1776","South Dakota","2004","770396"
"1777","Tennessee","2004","5910809"
"1778","Texas","2004","22394023"
"1779","Utah","2004","2401580"
"1780","Vermont","2004","619920"
"1781","Virginia","2004","7475575"
"1782","Washington","2004","6178645"
"1783","West Virginia","2004","1816438"
"1784","Wisconsin","2004","5514026"
"1785","Wyoming","2004","509106"
"1786","Alabama","2005","4569805"
"1787","Alaska","2005","666946"
"1788","Arizona","2005","5839077"
"1789","Arkansas","2005","2781097"
"1790","California","2005","35827943"
"1791","Colorado","2005","4631888"
"1792","Connecticut","2005","3506956"
"1793","Delaware","2005","845150"
"1794","District of Columbia","2005","567136"
"1795","Florida","2005","17842038"
"1796","Georgia","2005","8925922"
"1797","Hawaii","2005","1292729"
"1798","Idaho","2005","1428241"
"1799","Illinois","2005","12609903"
"1800","Indiana","2005","6278616"
"1801","Iowa","2005","2964454"
"1802","Kansas","2005","2745299"
"1803","Kentucky","2005","4182742"
"1804","Louisiana","2005","4576628"
"1805","Maine","2005","1318787"
"1806","Maryland","2005","5592379"
"1807","Massachusetts","2005","6403290"
"1808","Michigan","2005","10051137"
"1809","Minnesota","2005","5119598"
"1810","Mississippi","2005","2905943"
"1811","Missouri","2005","5790300"
"1812","Montana","2005","940102"
"1813","Nebraska","2005","1761497"
"1814","Nevada","2005","2432143"
"1815","New Hampshire","2005","1298492"
"1816","New Jersey","2005","8651974"
"1817","New Mexico","2005","1932274"
"1818","New York","2005","19132610"
"1819","North Carolina","2005","8705407"
"1820","North Dakota","2005","646089"
"1821","Ohio","2005","11463320"
"1822","Oklahoma","2005","3548597"
"1823","Oregon","2005","3613202"
"1824","Pennsylvania","2005","12449990"
"1825","Rhode Island","2005","1067916"
"1826","South Carolina","2005","4270150"
"1827","South Dakota","2005","775493"
"1828","Tennessee","2005","5991057"
"1829","Texas","2005","22778123"
"1830","Utah","2005","2457719"
"1831","Vermont","2005","621215"
"1832","Virginia","2005","7577105"
"1833","Washington","2005","6257305"
"1834","West Virginia","2005","1820492"
"1835","Wisconsin","2005","5546166"
"1836","Wyoming","2005","514157"
"1837","Alabama","2006","4628981"
"1838","Alaska","2006","675302"
"1839","Arizona","2006","6029141"
"1840","Arkansas","2006","2821761"
"1841","California","2006","36021202"
"1842","Colorado","2006","4720423"
"1843","Connecticut","2006","3517460"
"1844","Delaware","2006","859268"
"1845","District of Columbia","2006","570681"
"1846","Florida","2006","18166990"
"1847","Georgia","2006","9155813"
"1848","Hawaii","2006","1309731"
"1849","Idaho","2006","1468669"
"1850","Illinois","2006","12643955"
"1851","Indiana","2006","6332669"
"1852","Iowa","2006","2982644"
"1853","Kansas","2006","2762931"
"1854","Kentucky","2006","4219239"
"1855","Louisiana","2006","4302665"
"1856","Maine","2006","1323619"
"1857","Maryland","2006","5627367"
"1858","Massachusetts","2006","6410084"
"1859","Michigan","2006","10036081"
"1860","Minnesota","2006","5163555"
"1861","Mississippi","2006","2904978"
"1862","Missouri","2006","5842704"
"1863","Montana","2006","952692"
"1864","Nebraska","2006","1772693"
"1865","Nevada","2006","2522658"
"1866","New Hampshire","2006","1308389"
"1867","New Jersey","2006","8661679"
"1868","New Mexico","2006","1962137"
"1869","New York","2006","19104631"
"1870","North Carolina","2006","8917270"
"1871","North Dakota","2006","649422"
"1872","Ohio","2006","11481213"
"1873","Oklahoma","2006","3594090"
"1874","Oregon","2006","3670883"
"1875","Pennsylvania","2006","12510809"
"1876","Rhode Island","2006","1063096"
"1877","South Carolina","2006","4357847"
"1878","South Dakota","2006","783033"
"1879","Tennessee","2006","6088766"
"1880","Texas","2006","23359580"
"1881","Utah","2006","2525507"
"1882","Vermont","2006","622892"
"1883","Virginia","2006","7673725"
"1884","Washington","2006","6370753"
"1885","West Virginia","2006","1827912"
"1886","Wisconsin","2006","5577655"
"1887","Wyoming","2006","522667"
"1888","Alabama","2007","4672840"
"1889","Alaska","2007","680300"
"1890","Arizona","2007","6167681"
"1891","Arkansas","2007","2848650"
"1892","California","2007","36250311"
"1893","Colorado","2007","4803868"
"1894","Connecticut","2007","3527270"
"1895","Delaware","2007","871749"
"1896","District of Columbia","2007","574404"
"1897","Florida","2007","18367842"
"1898","Georgia","2007","9349988"
"1899","Hawaii","2007","1315675"
"1900","Idaho","2007","1505105"
"1901","Illinois","2007","12695866"
"1902","Indiana","2007","6379599"
"1903","Iowa","2007","2999212"
"1904","Kansas","2007","2783785"
"1905","Kentucky","2007","4256672"
"1906","Louisiana","2007","4375581"
"1907","Maine","2007","1327040"
"1908","Maryland","2007","5653408"
"1909","Massachusetts","2007","6431559"
"1910","Michigan","2007","10001284"
"1911","Minnesota","2007","5207203"
"1912","Mississippi","2007","2928350"
"1913","Missouri","2007","5887612"
"1914","Montana","2007","964706"
"1915","Nebraska","2007","1783440"
"1916","Nevada","2007","2601072"
"1917","New Hampshire","2007","1312540"
"1918","New Jersey","2007","8677885"
"1919","New Mexico","2007","1990070"
"1920","New York","2007","19132335"
"1921","North Carolina","2007","9118037"
"1922","North Dakota","2007","652822"
"1923","Ohio","2007","11500468"
"1924","Oklahoma","2007","3634349"
"1925","Oregon","2007","3722417"
"1926","Pennsylvania","2007","12563937"
"1927","Rhode Island","2007","1057315"
"1928","South Carolina","2007","4444110"
"1929","South Dakota","2007","791623"
"1930","Tennessee","2007","6175727"
"1931","Texas","2007","23831983"
"1932","Utah","2007","2597746"
"1933","Vermont","2007","623481"
"1934","Virginia","2007","7751000"
"1935","Washington","2007","6461587"
"1936","West Virginia","2007","1834052"
"1937","Wisconsin","2007","5610775"
"1938","Wyoming","2007","534876"
"1939","Alabama","2008","4718206"
"1940","Alaska","2008","687455"
"1941","Arizona","2008","6280362"
"1942","Arkansas","2008","2874554"
"1943","California","2008","36604337"
"1944","Colorado","2008","4889730"
"1945","Connecticut","2008","3545579"
"1946","Delaware","2008","883874"
"1947","District of Columbia","2008","580236"
"1948","Florida","2008","18527305"
"1949","Georgia","2008","9504843"
"1950","Hawaii","2008","1332213"
"1951","Idaho","2008","1534320"
"1952","Illinois","2008","12747038"
"1953","Indiana","2008","6424806"
"1954","Iowa","2008","3016734"
"1955","Kansas","2008","2808076"
"1956","Kentucky","2008","4289878"
"1957","Louisiana","2008","4435586"
"1958","Maine","2008","1330509"
"1959","Maryland","2008","5684965"
"1960","Massachusetts","2008","6468967"
"1961","Michigan","2008","9946889"
"1962","Minnesota","2008","5247018"
"1963","Mississippi","2008","2947806"
"1964","Missouri","2008","5923916"
"1965","Montana","2008","976415"
"1966","Nebraska","2008","1796378"
"1967","Nevada","2008","2653630"
"1968","New Hampshire","2008","1315906"
"1969","New Jersey","2008","8711090"
"1970","New Mexico","2008","2010662"
"1971","New York","2008","19212436"
"1972","North Carolina","2008","9309449"
"1973","North Dakota","2008","657569"
"1974","Ohio","2008","11515391"
"1975","Oklahoma","2008","3668976"
"1976","Oregon","2008","3768748"
"1977","Pennsylvania","2008","12612285"
"1978","Rhode Island","2008","1055003"
"1979","South Carolina","2008","4528996"
"1980","South Dakota","2008","799124"
"1981","Tennessee","2008","6247411"
"1982","Texas","2008","24309039"
"1983","Utah","2008","2663029"
"1984","Vermont","2008","624151"
"1985","Virginia","2008","7833496"
"1986","Washington","2008","6562231"
"1987","West Virginia","2008","1840310"
"1988","Wisconsin","2008","5640996"
"1989","Wyoming","2008","546043"
"1990","Alabama","2009","4757938"
"1991","Alaska","2009","698895"
"1992","Arizona","2009","6343154"
"1993","Arkansas","2009","2896843"
"1994","California","2009","36961229"
"1995","Colorado","2009","4972195"
"1996","Connecticut","2009","3561807"
"1997","Delaware","2009","891730"
"1998","District of Columbia","2009","592228"
"1999","Florida","2009","18652644"
"2000","Georgia","2009","9620846"
"2001","Hawaii","2009","1346717"
"2002","Idaho","2009","1554439"
"2003","Illinois","2009","12796778"
"2004","Indiana","2009","6459325"
"2005","Iowa","2009","3032870"
"2006","Kansas","2009","2832704"
"2007","Kentucky","2009","4317074"
"2008","Louisiana","2009","4491648"
"2009","Maine","2009","1329590"
"2010","Maryland","2009","5730388"
"2011","Massachusetts","2009","6517613"
"2012","Michigan","2009","9901591"
"2013","Minnesota","2009","5281203"
"2014","Mississippi","2009","2958774"
"2015","Missouri","2009","5961088"
"2016","Montana","2009","983982"
"2017","Nebraska","2009","1812683"
"2018","Nevada","2009","2684665"
"2019","New Hampshire","2009","1316102"
"2020","New Jersey","2009","8755602"
"2021","New Mexico","2009","2036802"
"2022","New York","2009","19307066"
"2023","North Carolina","2009","9449566"
"2024","North Dakota","2009","664968"
"2025","Ohio","2009","11528896"
"2026","Oklahoma","2009","3717572"
"2027","Oregon","2009","3808600"
"2028","Pennsylvania","2009","12666858"
"2029","Rhode Island","2009","1053646"
"2030","South Carolina","2009","4589872"
"2031","South Dakota","2009","807067"
"2032","Tennessee","2009","6306019"
"2033","Texas","2009","24801761"
"2034","Utah","2009","2723421"
"2035","Vermont","2009","624817"
"2036","Virginia","2009","7925937"
"2037","Washington","2009","6667426"
"2038","West Virginia","2009","1847775"
"2039","Wisconsin","2009","5669264"
"2040","Wyoming","2009","559851"
"2041","Alabama","2010","4785298"
"2042","Alaska","2010","713985"
"2043","Arizona","2010","6413737"
"2044","Arkansas","2010","2921606"
"2045","California","2010","37349363"
"2046","Colorado","2010","5049071"
"2047","Connecticut","2010","3577073"
"2048","Delaware","2010","899769"
"2049","District of Columbia","2010","604453"
"2050","Florida","2010","18843326"
"2051","Georgia","2010","9712587"
"2052","Hawaii","2010","1363621"
"2053","Idaho","2010","1571450"
"2054","Illinois","2010","12843166"
"2055","Indiana","2010","6490621"
"2056","Iowa","2010","3049883"
"2057","Kansas","2010","2859169"
"2058","Kentucky","2010","4346266"
"2059","Louisiana","2010","4544228"
"2060","Maine","2010","1327567"
"2061","Maryland","2010","5785982"
"2062","Massachusetts","2010","6557254"
"2063","Michigan","2010","9877574"
"2064","Minnesota","2010","5310584"
"2065","Mississippi","2010","2970036"
"2066","Missouri","2010","5996231"
"2067","Montana","2010","990898"
"2068","Nebraska","2010","1830429"
"2069","Nevada","2010","2704642"
"2070","New Hampshire","2010","1316759"
"2071","New Jersey","2010","8801624"
"2072","New Mexico","2010","2065932"
"2073","New York","2010","19392283"
"2074","North Carolina","2010","9561558"
"2075","North Dakota","2010","674499"
"2076","Ohio","2010","11536182"
"2077","Oklahoma","2010","3761702"
"2078","Oregon","2010","3838957"
"2079","Pennsylvania","2010","12709630"
"2080","Rhode Island","2010","1052886"
"2081","South Carolina","2010","4636312"
"2082","South Dakota","2010","816463"
"2083","Tennessee","2010","6356897"
"2084","Texas","2010","25257114"
"2085","Utah","2010","2776469"
"2086","Vermont","2010","625960"
"2087","Virginia","2010","8024617"
"2088","Washington","2010","6744496"
"2089","West Virginia","2010","1853973"
"2090","Wisconsin","2010","5691047"
"2091","Wyoming","2010","564460"
"2092","Alabama","2011","4798834"
"2093","Alaska","2011","722038"
"2094","Arizona","2011","6473497"
"2095","Arkansas","2011","2940407"
"2096","California","2011","37641823"
"2097","Colorado","2011","5121771"
"2098","Connecticut","2011","3588023"
"2099","Delaware","2011","907316"
"2100","District of Columbia","2011","619602"
"2101","Florida","2011","19093352"
"2102","Georgia","2011","9801578"
"2103","Hawaii","2011","1379252"
"2104","Idaho","2011","1583828"
"2105","Illinois","2011","12867291"
"2106","Indiana","2011","6516045"
"2107","Iowa","2011","3066054"
"2108","Kansas","2011","2869035"
"2109","Kentucky","2011","4369488"
"2110","Louisiana","2011","4575184"
"2111","Maine","2011","1328150"
"2112","Maryland","2011","5838991"
"2113","Massachusetts","2011","6613149"
"2114","Michigan","2011","9881521"
"2115","Minnesota","2011","5345668"
"2116","Mississippi","2011","2978470"
"2117","Missouri","2011","6009641"
"2118","Montana","2011","997221"
"2119","Nebraska","2011","1840538"
"2120","Nevada","2011","2712799"
"2121","New Hampshire","2011","1319815"
"2122","New Jersey","2011","8827783"
"2123","New Mexico","2011","2080395"
"2124","New York","2011","19498514"
"2125","North Carolina","2011","9656754"
"2126","North Dakota","2011","685136"
"2127","Ohio","2011","11543463"
"2128","Oklahoma","2011","3787821"
"2129","Oregon","2011","3871728"
"2130","Pennsylvania","2011","12744583"
"2131","Rhode Island","2011","1053536"
"2132","South Carolina","2011","4671422"
"2133","South Dakota","2011","823484"
"2134","Tennessee","2011","6397410"
"2135","Texas","2011","25646227"
"2136","Utah","2011","2814216"
"2137","Vermont","2011","626979"
"2138","Virginia","2011","8100469"
"2139","Washington","2011","6821655"
"2140","West Virginia","2011","1856074"
"2141","Wisconsin","2011","5704755"
"2142","Wyoming","2011","567224"
"2143","Alabama","2012","4815564"
"2144","Alaska","2012","730399"
"2145","Arizona","2012","6556629"
"2146","Arkansas","2012","2952109"
"2147","California","2012","37960782"
"2148","Colorado","2012","5193721"
"2149","Connecticut","2012","3594395"
"2150","Delaware","2012","915188"
"2151","District of Columbia","2012","634725"
"2152","Florida","2012","19326230"
"2153","Georgia","2012","9901496"
"2154","Hawaii","2012","1394905"
"2155","Idaho","2012","1595441"
"2156","Illinois","2012","12884119"
"2157","Indiana","2012","6537640"
"2158","Iowa","2012","3076097"
"2159","Kansas","2012","2885361"
"2160","Kentucky","2012","4386381"
"2161","Louisiana","2012","4600814"
"2162","Maine","2012","1327691"
"2163","Maryland","2012","5887072"
"2164","Massachusetts","2012","6663158"
"2165","Michigan","2012","9896930"
"2166","Minnesota","2012","5376550"
"2167","Mississippi","2012","2983767"
"2168","Missouri","2012","6024081"
"2169","Montana","2012","1003754"
"2170","Nebraska","2012","1853323"
"2171","Nevada","2012","2744566"
"2172","New Hampshire","2012","1323962"
"2173","New Jersey","2012","8845483"
"2174","New Mexico","2012","2087549"
"2175","New York","2012","19574549"
"2176","North Carolina","2012","9749123"
"2177","North Dakota","2012","701116"
"2178","Ohio","2012","11548369"
"2179","Oklahoma","2012","3818600"
"2180","Oregon","2012","3899118"
"2181","Pennsylvania","2012","12766827"
"2182","Rhode Island","2012","1054601"
"2183","South Carolina","2012","4717112"
"2184","South Dakota","2012","833496"
"2185","Tennessee","2012","6451281"
"2186","Texas","2012","26089620"
"2187","Utah","2012","2853467"
"2188","Vermont","2012","626063"
"2189","Virginia","2012","8185229"
"2190","Washington","2012","6892876"
"2191","West Virginia","2012","1856764"
"2192","Wisconsin","2012","5719855"
"2193","Wyoming","2012","576270"
"2194","Alabama","2013","4830460"
"2195","Alaska","2013","737045"
"2196","Arizona","2013","6634999"
"2197","Arkansas","2013","2959549"
"2198","California","2013","38280824"
"2199","Colorado","2013","5270482"
"2200","Connecticut","2013","3594915"
"2201","Delaware","2013","923638"
"2202","District of Columbia","2013","650431"
"2203","Florida","2013","19563166"
"2204","Georgia","2013","9973326"
"2205","Hawaii","2013","1408453"
"2206","Idaho","2013","1611530"
"2207","Illinois","2013","12898269"
"2208","Indiana","2013","6568367"
"2209","Iowa","2013","3093078"
"2210","Kansas","2013","2893510"
"2211","Kentucky","2013","4404817"
"2212","Louisiana","2013","4624577"
"2213","Maine","2013","1328196"
"2214","Maryland","2013","5923704"
"2215","Massachusetts","2013","6713944"
"2216","Michigan","2013","9913349"
"2217","Minnesota","2013","5413693"
"2218","Mississippi","2013","2988797"
"2219","Missouri","2013","6040658"
"2220","Montana","2013","1013564"
"2221","Nebraska","2013","1865414"
"2222","Nevada","2013","2776972"
"2223","New Hampshire","2013","1326408"
"2224","New Jersey","2013","8858362"
"2225","New Mexico","2013","2092792"
"2226","New York","2013","19628043"
"2227","North Carolina","2013","9843599"
"2228","North Dakota","2013","721999"
"2229","Ohio","2013","11576576"
"2230","Oklahoma","2013","3853205"
"2231","Oregon","2013","3922908"
"2232","Pennsylvania","2013","12776621"
"2233","Rhode Island","2013","1055122"
"2234","South Carolina","2013","4764153"
"2235","South Dakota","2013","842270"
"2236","Tennessee","2013","6493432"
"2237","Texas","2013","26489464"
"2238","Utah","2013","2897927"
"2239","Vermont","2013","626212"
"2240","Virginia","2013","8253053"
"2241","Washington","2013","6962906"
"2242","West Virginia","2013","1853873"
"2243","Wisconsin","2013","5736952"
"2244","Wyoming","2013","582123"
"2245","Alabama","2014","4842481"
"2246","Alaska","2014","736307"
"2247","Arizona","2014","6733840"
"2248","Arkansas","2014","2967726"
"2249","California","2014","38625139"
"2250","Colorado","2014","5351218"
"2251","Connecticut","2014","3594783"
"2252","Delaware","2014","932596"
"2253","District of Columbia","2014","662513"
"2254","Florida","2014","19860330"
"2255","Georgia","2014","10069001"
"2256","Hawaii","2014","1414862"
"2257","Idaho","2014","1631479"
"2258","Illinois","2014","12888962"
"2259","Indiana","2014","6593533"
"2260","Iowa","2014","3109504"
"2261","Kansas","2014","2900896"
"2262","Kentucky","2014","4414483"
"2263","Louisiana","2014","4644204"
"2264","Maine","2014","1330760"
"2265","Maryland","2014","5958165"
"2266","Massachusetts","2014","6763652"
"2267","Michigan","2014","9930589"
"2268","Minnesota","2014","5451522"
"2269","Mississippi","2014","2990623"
"2270","Missouri","2014","6056293"
"2271","Montana","2014","1021891"
"2272","Nebraska","2014","1879522"
"2273","Nevada","2014","2819012"
"2274","New Hampshire","2014","1333223"
"2275","New Jersey","2014","8866780"
"2276","New Mexico","2014","2090342"
"2277","New York","2014","19656330"
"2278","North Carolina","2014","9933944"
"2279","North Dakota","2014","737382"
"2280","Ohio","2014","11602973"
"2281","Oklahoma","2014","3878367"
"2282","Oregon","2014","3964106"
"2283","Pennsylvania","2014","12789101"
"2284","Rhode Island","2014","1056017"
"2285","South Carolina","2014","4823793"
"2286","South Dakota","2014","849088"
"2287","Tennessee","2014","6540826"
"2288","Texas","2014","26977142"
"2289","Utah","2014","2937399"
"2290","Vermont","2014","625218"
"2291","Virginia","2014","8312076"
"2292","Washington","2014","7052439"
"2293","West Virginia","2014","1849467"
"2294","Wisconsin","2014","5751974"
"2295","Wyoming","2014","582548"
"2296","Alabama","2015","4853160"
"2297","Alaska","2015","737547"
"2298","Arizona","2015","6833596"
"2299","Arkansas","2015","2978407"
"2300","California","2015","38953142"
"2301","Colorado","2015","5452107"
"2302","Connecticut","2015","3587509"
"2303","Delaware","2015","941413"
"2304","District of Columbia","2015","675254"
"2305","Florida","2015","20224249"
"2306","Georgia","2015","10181111"
"2307","Hawaii","2015","1422484"
"2308","Idaho","2015","1651523"
"2309","Illinois","2015","12864342"
"2310","Indiana","2015","6608296"
"2311","Iowa","2015","3121460"
"2312","Kansas","2015","2909502"
"2313","Kentucky","2015","4425999"
"2314","Louisiana","2015","4664851"
"2315","Maine","2015","1328484"
"2316","Maryland","2015","5986717"
"2317","Massachusetts","2015","6795891"
"2318","Michigan","2015","9932573"
"2319","Minnesota","2015","5482503"
"2320","Mississippi","2015","2988693"
"2321","Missouri","2015","6071745"
"2322","Montana","2015","1030503"
"2323","Nebraska","2015","1891507"
"2324","Nevada","2015","2868666"
"2325","New Hampshire","2015","1336294"
"2326","New Jersey","2015","8870869"
"2327","New Mexico","2015","2090211"
"2328","New York","2015","19661411"
"2329","North Carolina","2015","10033079"
"2330","North Dakota","2015","754022"
"2331","Ohio","2015","11617850"
"2332","Oklahoma","2015","3909831"
"2333","Oregon","2015","4016918"
"2334","Pennsylvania","2015","12785759"
"2335","Rhode Island","2015","1056173"
"2336","South Carolina","2015","4892253"
"2337","South Dakota","2015","853933"
"2338","Tennessee","2015","6590808"
"2339","Texas","2015","27486814"
"2340","Utah","2015","2982497"
"2341","Vermont","2015","625197"
"2342","Virginia","2015","8362907"
"2343","Washington","2015","7163543"
"2344","West Virginia","2015","1841996"
"2345","Wisconsin","2015","5761406"
"2346","Wyoming","2015","585668"
"2347","Alabama","2016","4864745"
"2348","Alaska","2016","741504"
"2349","Arizona","2016","6945452"
"2350","Arkansas","2016","2990410"
"2351","California","2016","39209127"
"2352","Colorado","2016","5540921"
"2353","Connecticut","2016","3578674"
"2354","Delaware","2016","949216"
"2355","District of Columbia","2016","686575"
"2356","Florida","2016","20629982"
"2357","Georgia","2016","10304763"
"2358","Hawaii","2016","1428105"
"2359","Idaho","2016","1682930"
"2360","Illinois","2016","12826895"
"2361","Indiana","2016","6633344"
"2362","Iowa","2016","3131785"
"2363","Kansas","2016","2911263"
"2364","Kentucky","2016","4438229"
"2365","Louisiana","2016","4678215"
"2366","Maine","2016","1331370"
"2367","Maryland","2016","6004692"
"2368","Massachusetts","2016","6826022"
"2369","Michigan","2016","9951890"
"2370","Minnesota","2016","5523409"
"2371","Mississippi","2016","2988298"
"2372","Missouri","2016","6087203"
"2373","Montana","2016","1040863"
"2374","Nebraska","2016","1905924"
"2375","Nevada","2016","2919772"
"2376","New Hampshire","2016","1342373"
"2377","New Jersey","2016","8874516"
"2378","New Mexico","2016","2092789"
"2379","New York","2016","19641589"
"2380","North Carolina","2016","10156679"
"2381","North Dakota","2016","754353"
"2382","Ohio","2016","11635003"
"2383","Oklahoma","2016","3926769"
"2384","Oregon","2016","4091404"
"2385","Pennsylvania","2016","12783538"
"2386","Rhode Island","2016","1057063"
"2387","South Carolina","2016","4958235"
"2388","South Dakota","2016","862890"
"2389","Tennessee","2016","6645011"
"2390","Texas","2016","27937492"
"2391","Utah","2016","3042613"
"2392","Vermont","2016","623644"
"2393","Virginia","2016","8410946"
"2394","Washington","2016","7294680"
"2395","West Virginia","2016","1830929"
"2396","Wisconsin","2016","5772958"
"2397","Wyoming","2016","584290"
"2398","Alabama","2017","4875120"
"2399","Alaska","2017","739786"
"2400","Arizona","2017","7048876"
"2401","Arkansas","2017","3002997"
"2402","California","2017","39399349"
"2403","Colorado","2017","5615902"
"2404","Connecticut","2017","3573880"
"2405","Delaware","2017","957078"
"2406","District of Columbia","2017","695691"
"2407","Florida","2017","20976812"
"2408","Georgia","2017","10413055"
"2409","Hawaii","2017","1424203"
"2410","Idaho","2017","1718904"
"2411","Illinois","2017","12786196"
"2412","Indiana","2017","6660082"
"2413","Iowa","2017","3143637"
"2414","Kansas","2017","2910689"
"2415","Kentucky","2017","4453874"
"2416","Louisiana","2017","4670818"
"2417","Maine","2017","1335063"
"2418","Maryland","2017","6024891"
"2419","Massachusetts","2017","6863246"
"2420","Michigan","2017","9976447"
"2421","Minnesota","2017","5568155"
"2422","Mississippi","2017","2989663"
"2423","Missouri","2017","6108612"
"2424","Montana","2017","1053090"
"2425","Nebraska","2017","1917575"
"2426","Nevada","2017","2972405"
"2427","New Hampshire","2017","1349767"
"2428","New Jersey","2017","8888543"
"2429","New Mexico","2017","2093395"
"2430","New York","2017","19590719"
"2431","North Carolina","2017","10270800"
"2432","North Dakota","2017","755176"
"2433","Ohio","2017","11664129"
"2434","Oklahoma","2017","3932640"
"2435","Oregon","2017","4146592"
"2436","Pennsylvania","2017","12790447"
"2437","Rhode Island","2017","1056486"
"2438","South Carolina","2017","5021219"
"2439","South Dakota","2017","873286"
"2440","Tennessee","2017","6708794"
"2441","Texas","2017","28322717"
"2442","Utah","2017","3103118"
"2443","Vermont","2017","624525"
"2444","Virginia","2017","8465207"
"2445","Washington","2017","7425432"
"2446","West Virginia","2017","1817048"
"2447","Wisconsin","2017","5792051"
"2448","Wyoming","2017","578934"
"2449","Alabama","2018","4887871"
"2450","Alaska","2018","737438"
"2451","Arizona","2018","7171646"
"2452","Arkansas","2018","3013825"
"2453","California","2018","39557045"
"2454","Colorado","2018","5695564"
"2455","Connecticut","2018","3572665"
"2456","Delaware","2018","967171"
"2457","District of Columbia","2018","702455"
"2458","Florida","2018","21299325"
"2459","Georgia","2018","10519475"
"2460","Hawaii","2018","1420491"
"2461","Idaho","2018","1754208"
"2462","Illinois","2018","12741080"
"2463","Indiana","2018","6691878"
"2464","Iowa","2018","3156145"
"2465","Kansas","2018","2911505"
"2466","Kentucky","2018","4468402"
"2467","Louisiana","2018","4659978"
"2468","Maine","2018","1338404"
"2469","Maryland","2018","6042718"
"2470","Massachusetts","2018","6902149"
"2471","Michigan","2018","9995915"
"2472","Minnesota","2018","5611179"
"2473","Mississippi","2018","2986530"
"2474","Missouri","2018","6126452"
"2475","Montana","2018","1062305"
"2476","Nebraska","2018","1929268"
"2477","Nevada","2018","3034392"
"2478","New Hampshire","2018","1356458"
"2479","New Jersey","2018","8908520"
"2480","New Mexico","2018","2095428"
"2481","New York","2018","19542209"
"2482","North Carolina","2018","10383620"
"2483","North Dakota","2018","760077"
"2484","Ohio","2018","11689442"
"2485","Oklahoma","2018","3943079"
"2486","Oregon","2018","4190713"
"2487","Pennsylvania","2018","12807060"
"2488","Rhode Island","2018","1057315"
"2489","South Carolina","2018","5084127"
"2490","South Dakota","2018","882235"
"2491","Tennessee","2018","6770010"
"2492","Texas","2018","28701845"
"2493","Utah","2018","3161105"
"2494","Vermont","2018","626299"
"2495","Virginia","2018","8517685"
"2496","Washington","2018","7535591"
"2497","West Virginia","2018","1805832"
"2498","Wisconsin","2018","5813568"
"2499","Wyoming","2018","577737"
"2500","Alabama","2019","4898246"
"2501","Alaska","2019","735720"
"2502","Arizona","2019","7275070"
"2503","Arkansas","2019","3026412"
"2504","California","2019","39747267"
"2505","Colorado","2019","5770545"
"2506","Connecticut","2019","3567871"
"2507","Delaware","2019","975033"
"2508","District of Columbia","2019","711571"
"2509","Florida","2019","21646155"
"2510","Georgia","2019","10627767"
"2511","Hawaii","2019","1416589"
"2512","Idaho","2019","1790182"
"2513","Illinois","2019","12700381"
"2514","Indiana","2019","6718616"
"2515","Iowa","2019","3167997"
"2516","Kansas","2019","2910931"
"2517","Kentucky","2019","4484047"
"2518","Louisiana","2019","4652581"
"2519","Maine","2019","1342097"
"2520","Maryland","2019","6062917"
"2521","Massachusetts","2019","6939373"
"2522","Michigan","2019","10020472"
"2523","Minnesota","2019","5655925"
"2524","Mississippi","2019","2987895"
"2525","Missouri","2019","6147861"
"2526","Montana","2019","1074532"
"2527","Nebraska","2019","1940919"
"2528","Nevada","2019","3087025"
"2529","New Hampshire","2019","1363852"
"2530","New Jersey","2019","8922547"
"2531","New Mexico","2019","2096034"
"2532","New York","2019","19491339"
"2533","North Carolina","2019","10497741"
"2534","North Dakota","2019","760900"
"2535","Ohio","2019","11718568"
"2536","Oklahoma","2019","3948950"
"2537","Oregon","2019","4245901"
"2538","Pennsylvania","2019","12813969"
"2539","Rhode Island","2019","1056738"
"2540","South Carolina","2019","5147111"
"2541","South Dakota","2019","892631"
"2542","Tennessee","2019","6833793"
"2543","Texas","2019","29087070"
"2544","Utah","2019","3221610"
"2545","Vermont","2019","627180"
"2546","Virginia","2019","8571946"
"2547","Washington","2019","7666343"
"2548","West Virginia","2019","1791951"
"2549","Wisconsin","2019","5832661"
"2550","Wyoming","2019","572381"
